# Simplified Bavaria 46 inspired low-poly sailing yacht
# Units: meters. Coordinates: X length stern(-) to bow(+), Y beam, Z vertical.
mtllib bavaria_46_lowpoly_sloop.mtl

o 01_hull_white_lowpoly
usemtl hull_white
v -6.950000 0.761250 0.650000
v -6.950000 0.748288 0.487593
v -6.950000 0.709844 0.385773
v -6.950000 0.647228 0.303479
v -6.950000 0.562571 0.236137
v -6.950000 0.458756 0.182468
v -6.950000 0.339318 0.142154
v -6.950000 0.208326 0.115199
v -6.950000 0.070239 0.101690
v -6.950000 -0.070239 0.101690
v -6.950000 -0.208326 0.115199
v -6.950000 -0.339318 0.142154
v -6.950000 -0.458756 0.182468
v -6.950000 -0.562571 0.236137
v -6.950000 -0.647228 0.303479
v -6.950000 -0.709844 0.385773
v -6.950000 -0.748288 0.487593
v -6.950000 -0.761250 0.650000
v -6.528788 1.542079 0.657604
v -6.528788 1.515823 0.442590
v -6.528788 1.437946 0.307789
v -6.528788 1.311102 0.198838
v -6.528788 1.139610 0.109682
v -6.528788 0.929310 0.038629
v -6.528788 0.687364 -0.014744
v -6.528788 0.422010 -0.050430
v -6.528788 0.142285 -0.068314
v -6.528788 -0.142285 -0.068314
v -6.528788 -0.422010 -0.050430
v -6.528788 -0.687364 -0.014744
v -6.528788 -0.929310 0.038629
v -6.528788 -1.139610 0.109682
v -6.528788 -1.311102 0.198838
v -6.528788 -1.437946 0.307789
v -6.528788 -1.515823 0.442590
v -6.528788 -1.542079 0.657604
v -6.107576 1.712290 0.665140
v -6.107576 1.683135 0.425903
v -6.107576 1.596663 0.275916
v -6.107576 1.455818 0.154692
v -6.107576 1.265398 0.055493
v -6.107576 1.031885 -0.023566
v -6.107576 0.763233 -0.082951
v -6.107576 0.468590 -0.122657
v -6.107576 0.157990 -0.142556
v -6.107576 -0.157990 -0.142556
v -6.107576 -0.468590 -0.122657
v -6.107576 -0.763233 -0.082951
v -6.107576 -1.031885 -0.023566
v -6.107576 -1.265398 0.055493
v -6.107576 -1.455818 0.154692
v -6.107576 -1.596663 0.275916
v -6.107576 -1.683135 0.425903
v -6.107576 -1.712290 0.665140
v -5.686364 1.816670 0.672539
v -5.686364 1.785738 0.414507
v -5.686364 1.693995 0.252737
v -5.686364 1.544564 0.121990
v -5.686364 1.342536 0.014997
v -5.686364 1.094788 -0.070272
v -5.686364 0.809760 -0.134323
v -5.686364 0.497155 -0.177148
v -5.686364 0.167621 -0.198611
v -5.686364 -0.167621 -0.198611
v -5.686364 -0.497155 -0.177148
v -5.686364 -0.809760 -0.134323
v -5.686364 -1.094788 -0.070272
v -5.686364 -1.342536 0.014997
v -5.686364 -1.544564 0.121990
v -5.686364 -1.693995 0.252737
v -5.686364 -1.785738 0.414507
v -5.686364 -1.816670 0.672539
v -5.265152 1.892169 0.679733
v -5.265152 1.859951 0.405963
v -5.265152 1.764395 0.234326
v -5.265152 1.608754 0.095604
v -5.265152 1.398329 -0.017915
v -5.265152 1.140286 -0.108385
v -5.265152 0.843412 -0.176342
v -5.265152 0.517817 -0.221779
v -5.265152 0.174587 -0.244551
v -5.265152 -0.174587 -0.244551
v -5.265152 -0.517817 -0.221779
v -5.265152 -0.843412 -0.176342
v -5.265152 -1.140286 -0.108385
v -5.265152 -1.398329 -0.017915
v -5.265152 -1.608754 0.095604
v -5.265152 -1.764395 0.234326
v -5.265152 -1.859951 0.405963
v -5.265152 -1.892169 0.679733
v -4.843939 1.951618 0.686658
v -4.843939 1.918388 0.399297
v -4.843939 1.819830 0.219138
v -4.843939 1.659299 0.073529
v -4.843939 1.442263 -0.045626
v -4.843939 1.176113 -0.140587
v -4.843939 0.869911 -0.211919
v -4.843939 0.534086 -0.259611
v -4.843939 0.180073 -0.283514
v -4.843939 -0.180073 -0.283514
v -4.843939 -0.534086 -0.259611
v -4.843939 -0.869911 -0.211919
v -4.843939 -1.176113 -0.140587
v -4.843939 -1.442263 -0.045626
v -4.843939 -1.659299 0.073529
v -4.843939 -1.819830 0.219138
v -4.843939 -1.918388 0.399297
v -4.843939 -1.951618 0.686658
v -4.422727 2.000829 0.693251
v -4.422727 1.966761 0.393990
v -4.422727 1.865717 0.206372
v -4.422727 1.701139 0.054733
v -4.422727 1.478630 -0.069356
v -4.422727 1.205769 -0.168250
v -4.422727 0.891846 -0.242535
v -4.422727 0.547553 -0.292203
v -4.422727 0.184613 -0.317095
v -4.422727 -0.184613 -0.317095
v -4.422727 -0.547553 -0.292203
v -4.422727 -0.891846 -0.242535
v -4.422727 -1.205769 -0.168250
v -4.422727 -1.478630 -0.069356
v -4.422727 -1.701139 0.054733
v -4.422727 -1.865717 0.206372
v -4.422727 -1.966761 0.393990
v -4.422727 -2.000829 0.693251
v -4.001515 2.042743 0.699453
v -4.001515 2.007962 0.389726
v -4.001515 1.904802 0.195545
v -4.001515 1.736775 0.038603
v -4.001515 1.509606 -0.089826
v -4.001515 1.231028 -0.192179
v -4.001515 0.910529 -0.269062
v -4.001515 0.559023 -0.320467
v -4.001515 0.188481 -0.346229
v -4.001515 -0.188481 -0.346229
v -4.001515 -0.559023 -0.320467
v -4.001515 -0.910529 -0.269062
v -4.001515 -1.231028 -0.192179
v -4.001515 -1.509606 -0.089826
v -4.001515 -1.736775 0.038603
v -4.001515 -1.904802 0.195545
v -4.001515 -2.007962 0.389726
v -4.001515 -2.042743 0.699453
v -3.580303 2.078911 0.705206
v -3.580303 2.043514 0.386286
v -3.580303 1.938527 0.186342
v -3.580303 1.767526 0.024741
v -3.580303 1.536334 -0.107499
v -3.580303 1.252824 -0.212890
v -3.580303 0.926650 -0.292055
v -3.580303 0.568921 -0.344986
v -3.580303 0.191818 -0.371513
v -3.580303 -0.191818 -0.371513
v -3.580303 -0.568921 -0.344986
v -3.580303 -0.926650 -0.292055
v -3.580303 -1.252824 -0.212890
v -3.580303 -1.536334 -0.107499
v -3.580303 -1.767526 0.024741
v -3.580303 -1.938527 0.186342
v -3.580303 -2.043514 0.386286
v -3.580303 -2.078911 0.705206
v -3.159091 2.110117 0.710460
v -3.159091 2.074189 0.383515
v -3.159091 1.967626 0.178541
v -3.159091 1.794058 0.012874
v -3.159091 1.559396 -0.122694
v -3.159091 1.271630 -0.230736
v -3.159091 0.940560 -0.311893
v -3.159091 0.577461 -0.366155
v -3.159091 0.194697 -0.393350
v -3.159091 -0.194697 -0.393350
v -3.159091 -0.577461 -0.366155
v -3.159091 -0.940560 -0.311893
v -3.159091 -1.271630 -0.230736
v -3.159091 -1.559396 -0.122694
v -3.159091 -1.794058 0.012874
v -3.159091 -1.967626 0.178541
v -3.159091 -2.074189 0.383515
v -3.159091 -2.110117 0.710460
v -2.737879 2.136695 0.715166
v -2.737879 2.100314 0.381296
v -2.737879 1.992409 0.171980
v -2.737879 1.816655 0.002804
v -2.737879 1.579037 -0.135635
v -2.737879 1.287647 -0.245965
v -2.737879 0.952407 -0.328841
v -2.737879 0.584734 -0.384253
v -2.737879 0.197149 -0.412024
v -2.737879 -0.197149 -0.412024
v -2.737879 -0.584734 -0.384253
v -2.737879 -0.952407 -0.328841
v -2.737879 -1.287647 -0.245965
v -2.737879 -1.579037 -0.135635
v -2.737879 -1.816655 0.002804
v -2.737879 -1.992409 0.171980
v -2.737879 -2.100314 0.381296
v -2.737879 -2.136695 0.715166
v -2.316667 2.158687 0.719282
v -2.316667 2.121931 0.379538
v -2.316667 2.012915 0.166539
v -2.316667 1.835352 -0.005613
v -2.316667 1.595289 -0.146488
v -2.316667 1.300899 -0.258760
v -2.316667 0.962209 -0.343094
v -2.316667 0.590753 -0.399481
v -2.316667 0.199178 -0.427740
v -2.316667 -0.199178 -0.427740
v -2.316667 -0.590753 -0.399481
v -2.316667 -0.962209 -0.343094
v -2.316667 -1.300899 -0.258760
v -2.316667 -1.595289 -0.146488
v -2.316667 -1.835352 -0.005613
v -2.316667 -2.012915 0.166539
v -2.316667 -2.121931 0.379538
v -2.316667 -2.158687 0.719282
v -1.895455 2.175000 0.722771
v -1.895455 2.137966 0.378170
v -1.895455 2.028127 0.162126
v -1.895455 1.849222 -0.012487
v -1.895455 1.607344 -0.155376
v -1.895455 1.310730 -0.269253
v -1.895455 0.969481 -0.354793
v -1.895455 0.595217 -0.411986
v -1.895455 0.200684 -0.440649
v -1.895455 -0.200684 -0.440649
v -1.895455 -0.595217 -0.411986
v -1.895455 -0.969481 -0.354793
v -1.895455 -1.310730 -0.269253
v -1.895455 -1.607344 -0.155376
v -1.895455 -1.849222 -0.012487
v -1.895455 -2.028127 0.162126
v -1.895455 -2.137966 0.378170
v -1.895455 -2.175000 0.722771
v -1.474242 2.175000 0.725600
v -1.474242 2.137966 0.377137
v -1.474242 2.028127 0.158671
v -1.474242 1.849222 -0.017900
v -1.474242 1.607344 -0.162390
v -1.474242 1.310730 -0.277544
v -1.474242 0.969481 -0.364042
v -1.474242 0.595217 -0.421876
v -1.474242 0.200684 -0.450861
v -1.474242 -0.200684 -0.450861
v -1.474242 -0.595217 -0.421876
v -1.474242 -0.969481 -0.364042
v -1.474242 -1.310730 -0.277544
v -1.474242 -1.607344 -0.162390
v -1.474242 -1.849222 -0.017900
v -1.474242 -2.028127 0.158671
v -1.474242 -2.137966 0.377137
v -1.474242 -2.175000 0.725600
v -1.053030 2.175000 0.727745
v -1.053030 2.137966 0.376397
v -1.053030 2.028127 0.156122
v -1.053030 1.849222 -0.021910
v -1.053030 1.607344 -0.167597
v -1.053030 1.310730 -0.283704
v -1.053030 0.969481 -0.370919
v -1.053030 0.595217 -0.429231
v -1.053030 0.200684 -0.458456
v -1.053030 -0.200684 -0.458456
v -1.053030 -0.595217 -0.429231
v -1.053030 -0.969481 -0.370919
v -1.053030 -1.310730 -0.283704
v -1.053030 -1.607344 -0.167597
v -1.053030 -1.849222 -0.021910
v -1.053030 -2.028127 0.156122
v -1.053030 -2.137966 0.376397
v -1.053030 -2.175000 0.727745
v -0.631818 2.175000 0.729186
v -0.631818 2.137966 0.375919
v -0.631818 2.028127 0.154443
v -0.631818 1.849222 -0.024562
v -0.631818 1.607344 -0.171044
v -0.631818 1.310730 -0.287784
v -0.631818 0.969481 -0.375475
v -0.631818 0.595217 -0.434106
v -0.631818 0.200684 -0.463490
v -0.631818 -0.200684 -0.463490
v -0.631818 -0.595217 -0.434106
v -0.631818 -0.969481 -0.375475
v -0.631818 -1.310730 -0.287784
v -0.631818 -1.607344 -0.171044
v -0.631818 -1.849222 -0.024562
v -0.631818 -2.028127 0.154443
v -0.631818 -2.137966 0.375919
v -0.631818 -2.175000 0.729186
v -0.210606 2.175000 0.729909
v -0.210606 2.137966 0.375686
v -0.210606 2.028127 0.153609
v -0.210606 1.849222 -0.025881
v -0.210606 1.607344 -0.172760
v -0.210606 1.310730 -0.289817
v -0.210606 0.969481 -0.377745
v -0.210606 0.595217 -0.436535
v -0.210606 0.200684 -0.465999
v -0.210606 -0.200684 -0.465999
v -0.210606 -0.595217 -0.436535
v -0.210606 -0.969481 -0.377745
v -0.210606 -1.310730 -0.289817
v -0.210606 -1.607344 -0.172760
v -0.210606 -1.849222 -0.025881
v -0.210606 -2.028127 0.153609
v -0.210606 -2.137966 0.375686
v -0.210606 -2.175000 0.729909
v 0.210606 2.175000 0.729909
v 0.210606 2.137966 0.375686
v 0.210606 2.028127 0.153609
v 0.210606 1.849222 -0.025881
v 0.210606 1.607344 -0.172760
v 0.210606 1.310730 -0.289817
v 0.210606 0.969481 -0.377745
v 0.210606 0.595217 -0.436535
v 0.210606 0.200684 -0.465999
v 0.210606 -0.200684 -0.465999
v 0.210606 -0.595217 -0.436535
v 0.210606 -0.969481 -0.377745
v 0.210606 -1.310730 -0.289817
v 0.210606 -1.607344 -0.172760
v 0.210606 -1.849222 -0.025881
v 0.210606 -2.028127 0.153609
v 0.210606 -2.137966 0.375686
v 0.210606 -2.175000 0.729909
v 0.631818 2.152699 0.729186
v 0.631818 2.116045 0.375919
v 0.631818 2.007332 0.154443
v 0.631818 1.830261 -0.024562
v 0.631818 1.590864 -0.171044
v 0.631818 1.297291 -0.287784
v 0.631818 0.959540 -0.375475
v 0.631818 0.589114 -0.434106
v 0.631818 0.198626 -0.463490
v 0.631818 -0.198626 -0.463490
v 0.631818 -0.589114 -0.434106
v 0.631818 -0.959540 -0.375475
v 0.631818 -1.297291 -0.287784
v 0.631818 -1.590864 -0.171044
v 0.631818 -1.830261 -0.024562
v 0.631818 -2.007332 0.154443
v 0.631818 -2.116045 0.375919
v 0.631818 -2.152699 0.729186
v 1.053030 2.120442 0.727745
v 1.053030 2.084337 0.376397
v 1.053030 1.977253 0.156122
v 1.053030 1.802836 -0.021910
v 1.053030 1.567026 -0.167597
v 1.053030 1.277852 -0.283704
v 1.053030 0.945162 -0.370919
v 1.053030 0.580287 -0.429231
v 1.053030 0.195650 -0.458456
v 1.053030 -0.195650 -0.458456
v 1.053030 -0.580287 -0.429231
v 1.053030 -0.945162 -0.370919
v 1.053030 -1.277852 -0.283704
v 1.053030 -1.567026 -0.167597
v 1.053030 -1.802836 -0.021910
v 1.053030 -1.977253 0.156122
v 1.053030 -2.084337 0.376397
v 1.053030 -2.120442 0.727745
v 1.474242 2.077147 0.725600
v 1.474242 2.041779 0.377137
v 1.474242 1.936882 0.158671
v 1.474242 1.766026 -0.017900
v 1.474242 1.535030 -0.162390
v 1.474242 1.251761 -0.277544
v 1.474242 0.925864 -0.364042
v 1.474242 0.568438 -0.421876
v 1.474242 0.191655 -0.450861
v 1.474242 -0.191655 -0.450861
v 1.474242 -0.568438 -0.421876
v 1.474242 -0.925864 -0.364042
v 1.474242 -1.251761 -0.277544
v 1.474242 -1.535030 -0.162390
v 1.474242 -1.766026 -0.017900
v 1.474242 -1.936882 0.158671
v 1.474242 -2.041779 0.377137
v 1.474242 -2.077147 0.725600
v 1.895455 2.021376 0.722771
v 1.895455 1.986958 0.378170
v 1.895455 1.884877 0.162126
v 1.895455 1.718608 -0.012487
v 1.895455 1.493815 -0.155376
v 1.895455 1.218151 -0.269253
v 1.895455 0.901005 -0.354793
v 1.895455 0.553176 -0.411986
v 1.895455 0.186509 -0.440649
v 1.895455 -0.186509 -0.440649
v 1.895455 -0.553176 -0.411986
v 1.895455 -0.901005 -0.354793
v 1.895455 -1.218151 -0.269253
v 1.895455 -1.493815 -0.155376
v 1.895455 -1.718608 -0.012487
v 1.895455 -1.884877 0.162126
v 1.895455 -1.986958 0.378170
v 1.895455 -2.021376 0.722771
v 2.316667 1.951555 0.719282
v 2.316667 1.918326 0.379538
v 2.316667 1.819770 0.166539
v 2.316667 1.659245 -0.005613
v 2.316667 1.442216 -0.146488
v 2.316667 1.176074 -0.258760
v 2.316667 0.869883 -0.343094
v 2.316667 0.534068 -0.399481
v 2.316667 0.180067 -0.427740
v 2.316667 -0.180067 -0.427740
v 2.316667 -0.534068 -0.399481
v 2.316667 -0.869883 -0.343094
v 2.316667 -1.176074 -0.258760
v 2.316667 -1.442216 -0.146488
v 2.316667 -1.659245 -0.005613
v 2.316667 -1.819770 0.166539
v 2.316667 -1.918326 0.379538
v 2.316667 -1.951555 0.719282
v 2.737879 1.866001 0.715166
v 2.737879 1.834229 0.381296
v 2.737879 1.739994 0.171980
v 2.737879 1.586506 0.002804
v 2.737879 1.378991 -0.135635
v 2.737879 1.124517 -0.245965
v 2.737879 0.831748 -0.328841
v 2.737879 0.510655 -0.384253
v 2.737879 0.172173 -0.412024
v 2.737879 -0.172173 -0.412024
v 2.737879 -0.510655 -0.384253
v 2.737879 -0.831748 -0.328841
v 2.737879 -1.124517 -0.245965
v 2.737879 -1.378991 -0.135635
v 2.737879 -1.586506 0.002804
v 2.737879 -1.739994 0.171980
v 2.737879 -1.834229 0.381296
v 2.737879 -1.866001 0.715166
v 3.159091 1.762978 0.710460
v 3.159091 1.732960 0.383515
v 3.159091 1.643928 0.178541
v 3.159091 1.498914 0.012874
v 3.159091 1.302857 -0.122694
v 3.159091 1.062432 -0.230736
v 3.159091 0.785827 -0.311893
v 3.159091 0.482462 -0.366155
v 3.159091 0.162667 -0.393350
v 3.159091 -0.162667 -0.393350
v 3.159091 -0.482462 -0.366155
v 3.159091 -0.785827 -0.311893
v 3.159091 -1.062432 -0.230736
v 3.159091 -1.302857 -0.122694
v 3.159091 -1.498914 0.012874
v 3.159091 -1.643928 0.178541
v 3.159091 -1.732960 0.383515
v 3.159091 -1.762978 0.710460
v 3.580303 1.640784 0.705206
v 3.580303 1.612846 0.386286
v 3.580303 1.529985 0.186342
v 3.580303 1.395023 0.024741
v 3.580303 1.212554 -0.107499
v 3.580303 0.988793 -0.212890
v 3.580303 0.731360 -0.292055
v 3.580303 0.449022 -0.344986
v 3.580303 0.151392 -0.371513
v 3.580303 -0.151392 -0.371513
v 3.580303 -0.449022 -0.344986
v 3.580303 -0.731360 -0.292055
v 3.580303 -0.988793 -0.212890
v 3.580303 -1.212554 -0.107499
v 3.580303 -1.395023 0.024741
v 3.580303 -1.529985 0.186342
v 3.580303 -1.612846 0.386286
v 3.580303 -1.640784 0.705206
v 4.001515 1.497880 0.699453
v 4.001515 1.472376 0.389726
v 4.001515 1.396732 0.195545
v 4.001515 1.273523 0.038603
v 4.001515 1.106947 -0.089826
v 4.001515 0.902674 -0.192179
v 4.001515 0.667663 -0.269062
v 4.001515 0.409914 -0.320467
v 4.001515 0.138207 -0.346229
v 4.001515 -0.138207 -0.346229
v 4.001515 -0.409914 -0.320467
v 4.001515 -0.667663 -0.269062
v 4.001515 -0.902674 -0.192179
v 4.001515 -1.106947 -0.089826
v 4.001515 -1.273523 0.038603
v 4.001515 -1.396732 0.195545
v 4.001515 -1.472376 0.389726
v 4.001515 -1.497880 0.699453
v 4.422727 1.333102 0.693251
v 4.422727 1.310403 0.393990
v 4.422727 1.243081 0.206372
v 4.422727 1.133426 0.054733
v 4.422727 0.985174 -0.069356
v 4.422727 0.803373 -0.168250
v 4.422727 0.594215 -0.242535
v 4.422727 0.364821 -0.292203
v 4.422727 0.123003 -0.317095
v 4.422727 -0.123003 -0.317095
v 4.422727 -0.364821 -0.292203
v 4.422727 -0.594215 -0.242535
v 4.422727 -0.803373 -0.168250
v 4.422727 -0.985174 -0.069356
v 4.422727 -1.133426 0.054733
v 4.422727 -1.243081 0.206372
v 4.422727 -1.310403 0.393990
v 4.422727 -1.333102 0.693251
v 4.843939 1.145970 0.686658
v 4.843939 1.126458 0.399297
v 4.843939 1.068585 0.219138
v 4.843939 0.974323 0.073529
v 4.843939 0.846882 -0.045626
v 4.843939 0.690601 -0.140587
v 4.843939 0.510803 -0.211919
v 4.843939 0.313610 -0.259611
v 4.843939 0.105737 -0.283514
v 4.843939 -0.105737 -0.283514
v 4.843939 -0.313610 -0.259611
v 4.843939 -0.510803 -0.211919
v 4.843939 -0.690601 -0.140587
v 4.843939 -0.846882 -0.045626
v 4.843939 -0.974323 0.073529
v 4.843939 -1.068585 0.219138
v 4.843939 -1.126458 0.399297
v 4.843939 -1.145970 0.686658
v 5.265152 0.937190 0.679733
v 5.265152 0.921233 0.405963
v 5.265152 0.873904 0.234326
v 5.265152 0.796815 0.095604
v 5.265152 0.692592 -0.017915
v 5.265152 0.564783 -0.108385
v 5.265152 0.417742 -0.176342
v 5.265152 0.256474 -0.221779
v 5.265152 0.086473 -0.244551
v 5.265152 -0.086473 -0.244551
v 5.265152 -0.256474 -0.221779
v 5.265152 -0.417742 -0.176342
v 5.265152 -0.564783 -0.108385
v 5.265152 -0.692592 -0.017915
v 5.265152 -0.796815 0.095604
v 5.265152 -0.873904 0.234326
v 5.265152 -0.921233 0.405963
v 5.265152 -0.937190 0.679733
v 5.686364 0.709492 0.672539
v 5.686364 0.697411 0.414507
v 5.686364 0.661581 0.252737
v 5.686364 0.603222 0.121990
v 5.686364 0.524321 0.014997
v 5.686364 0.427564 -0.070272
v 5.686364 0.316248 -0.134323
v 5.686364 0.194162 -0.177148
v 5.686364 0.065464 -0.198611
v 5.686364 -0.065464 -0.198611
v 5.686364 -0.194162 -0.177148
v 5.686364 -0.316248 -0.134323
v 5.686364 -0.427564 -0.070272
v 5.686364 -0.524321 0.014997
v 5.686364 -0.603222 0.121990
v 5.686364 -0.661581 0.252737
v 5.686364 -0.697411 0.414507
v 5.686364 -0.709492 0.672539
v 6.107576 0.469196 0.665140
v 6.107576 0.461207 0.425903
v 6.107576 0.437513 0.275916
v 6.107576 0.398919 0.154692
v 6.107576 0.346740 0.055493
v 6.107576 0.282754 -0.023566
v 6.107576 0.209139 -0.082951
v 6.107576 0.128402 -0.122657
v 6.107576 0.043292 -0.142556
v 6.107576 -0.043292 -0.142556
v 6.107576 -0.128402 -0.122657
v 6.107576 -0.209139 -0.082951
v 6.107576 -0.282754 -0.023566
v 6.107576 -0.346740 0.055493
v 6.107576 -0.398919 0.154692
v 6.107576 -0.437513 0.275916
v 6.107576 -0.461207 0.425903
v 6.107576 -0.469196 0.665140
v 6.528788 0.229711 0.657604
v 6.528788 0.225800 0.442590
v 6.528788 0.214199 0.307789
v 6.528788 0.195304 0.198838
v 6.528788 0.169759 0.109682
v 6.528788 0.138432 0.038629
v 6.528788 0.102391 -0.014744
v 6.528788 0.062863 -0.050430
v 6.528788 0.021195 -0.068314
v 6.528788 -0.021195 -0.068314
v 6.528788 -0.062863 -0.050430
v 6.528788 -0.102391 -0.014744
v 6.528788 -0.138432 0.038629
v 6.528788 -0.169759 0.109682
v 6.528788 -0.195304 0.198838
v 6.528788 -0.214199 0.307789
v 6.528788 -0.225800 0.442590
v 6.528788 -0.229711 0.657604
v 6.950000 0.032625 0.650000
v 6.950000 0.032069 0.487593
v 6.950000 0.030422 0.385773
v 6.950000 0.027738 0.303479
v 6.950000 0.024110 0.236137
v 6.950000 0.019661 0.182468
v 6.950000 0.014542 0.142154
v 6.950000 0.008928 0.115199
v 6.950000 0.003010 0.101690
v 6.950000 -0.003010 0.101690
v 6.950000 -0.008928 0.115199
v 6.950000 -0.014542 0.142154
v 6.950000 -0.019661 0.182468
v 6.950000 -0.024110 0.236137
v 6.950000 -0.027738 0.303479
v 6.950000 -0.030422 0.385773
v 6.950000 -0.032069 0.487593
v 6.950000 -0.032625 0.650000
f 1 2 20
f 1 20 19
f 2 3 21
f 2 21 20
f 3 4 22
f 3 22 21
f 4 5 23
f 4 23 22
f 5 6 24
f 5 24 23
f 6 7 25
f 6 25 24
f 7 8 26
f 7 26 25
f 8 9 27
f 8 27 26
f 9 10 28
f 9 28 27
f 10 11 29
f 10 29 28
f 11 12 30
f 11 30 29
f 12 13 31
f 12 31 30
f 13 14 32
f 13 32 31
f 14 15 33
f 14 33 32
f 15 16 34
f 15 34 33
f 16 17 35
f 16 35 34
f 17 18 36
f 17 36 35
f 19 20 38
f 19 38 37
f 20 21 39
f 20 39 38
f 21 22 40
f 21 40 39
f 22 23 41
f 22 41 40
f 23 24 42
f 23 42 41
f 24 25 43
f 24 43 42
f 25 26 44
f 25 44 43
f 26 27 45
f 26 45 44
f 27 28 46
f 27 46 45
f 28 29 47
f 28 47 46
f 29 30 48
f 29 48 47
f 30 31 49
f 30 49 48
f 31 32 50
f 31 50 49
f 32 33 51
f 32 51 50
f 33 34 52
f 33 52 51
f 34 35 53
f 34 53 52
f 35 36 54
f 35 54 53
f 37 38 56
f 37 56 55
f 38 39 57
f 38 57 56
f 39 40 58
f 39 58 57
f 40 41 59
f 40 59 58
f 41 42 60
f 41 60 59
f 42 43 61
f 42 61 60
f 43 44 62
f 43 62 61
f 44 45 63
f 44 63 62
f 45 46 64
f 45 64 63
f 46 47 65
f 46 65 64
f 47 48 66
f 47 66 65
f 48 49 67
f 48 67 66
f 49 50 68
f 49 68 67
f 50 51 69
f 50 69 68
f 51 52 70
f 51 70 69
f 52 53 71
f 52 71 70
f 53 54 72
f 53 72 71
f 55 56 74
f 55 74 73
f 56 57 75
f 56 75 74
f 57 58 76
f 57 76 75
f 58 59 77
f 58 77 76
f 59 60 78
f 59 78 77
f 60 61 79
f 60 79 78
f 61 62 80
f 61 80 79
f 62 63 81
f 62 81 80
f 63 64 82
f 63 82 81
f 64 65 83
f 64 83 82
f 65 66 84
f 65 84 83
f 66 67 85
f 66 85 84
f 67 68 86
f 67 86 85
f 68 69 87
f 68 87 86
f 69 70 88
f 69 88 87
f 70 71 89
f 70 89 88
f 71 72 90
f 71 90 89
f 73 74 92
f 73 92 91
f 74 75 93
f 74 93 92
f 75 76 94
f 75 94 93
f 76 77 95
f 76 95 94
f 77 78 96
f 77 96 95
f 78 79 97
f 78 97 96
f 79 80 98
f 79 98 97
f 80 81 99
f 80 99 98
f 81 82 100
f 81 100 99
f 82 83 101
f 82 101 100
f 83 84 102
f 83 102 101
f 84 85 103
f 84 103 102
f 85 86 104
f 85 104 103
f 86 87 105
f 86 105 104
f 87 88 106
f 87 106 105
f 88 89 107
f 88 107 106
f 89 90 108
f 89 108 107
f 91 92 110
f 91 110 109
f 92 93 111
f 92 111 110
f 93 94 112
f 93 112 111
f 94 95 113
f 94 113 112
f 95 96 114
f 95 114 113
f 96 97 115
f 96 115 114
f 97 98 116
f 97 116 115
f 98 99 117
f 98 117 116
f 99 100 118
f 99 118 117
f 100 101 119
f 100 119 118
f 101 102 120
f 101 120 119
f 102 103 121
f 102 121 120
f 103 104 122
f 103 122 121
f 104 105 123
f 104 123 122
f 105 106 124
f 105 124 123
f 106 107 125
f 106 125 124
f 107 108 126
f 107 126 125
f 109 110 128
f 109 128 127
f 110 111 129
f 110 129 128
f 111 112 130
f 111 130 129
f 112 113 131
f 112 131 130
f 113 114 132
f 113 132 131
f 114 115 133
f 114 133 132
f 115 116 134
f 115 134 133
f 116 117 135
f 116 135 134
f 117 118 136
f 117 136 135
f 118 119 137
f 118 137 136
f 119 120 138
f 119 138 137
f 120 121 139
f 120 139 138
f 121 122 140
f 121 140 139
f 122 123 141
f 122 141 140
f 123 124 142
f 123 142 141
f 124 125 143
f 124 143 142
f 125 126 144
f 125 144 143
f 127 128 146
f 127 146 145
f 128 129 147
f 128 147 146
f 129 130 148
f 129 148 147
f 130 131 149
f 130 149 148
f 131 132 150
f 131 150 149
f 132 133 151
f 132 151 150
f 133 134 152
f 133 152 151
f 134 135 153
f 134 153 152
f 135 136 154
f 135 154 153
f 136 137 155
f 136 155 154
f 137 138 156
f 137 156 155
f 138 139 157
f 138 157 156
f 139 140 158
f 139 158 157
f 140 141 159
f 140 159 158
f 141 142 160
f 141 160 159
f 142 143 161
f 142 161 160
f 143 144 162
f 143 162 161
f 145 146 164
f 145 164 163
f 146 147 165
f 146 165 164
f 147 148 166
f 147 166 165
f 148 149 167
f 148 167 166
f 149 150 168
f 149 168 167
f 150 151 169
f 150 169 168
f 151 152 170
f 151 170 169
f 152 153 171
f 152 171 170
f 153 154 172
f 153 172 171
f 154 155 173
f 154 173 172
f 155 156 174
f 155 174 173
f 156 157 175
f 156 175 174
f 157 158 176
f 157 176 175
f 158 159 177
f 158 177 176
f 159 160 178
f 159 178 177
f 160 161 179
f 160 179 178
f 161 162 180
f 161 180 179
f 163 164 182
f 163 182 181
f 164 165 183
f 164 183 182
f 165 166 184
f 165 184 183
f 166 167 185
f 166 185 184
f 167 168 186
f 167 186 185
f 168 169 187
f 168 187 186
f 169 170 188
f 169 188 187
f 170 171 189
f 170 189 188
f 171 172 190
f 171 190 189
f 172 173 191
f 172 191 190
f 173 174 192
f 173 192 191
f 174 175 193
f 174 193 192
f 175 176 194
f 175 194 193
f 176 177 195
f 176 195 194
f 177 178 196
f 177 196 195
f 178 179 197
f 178 197 196
f 179 180 198
f 179 198 197
f 181 182 200
f 181 200 199
f 182 183 201
f 182 201 200
f 183 184 202
f 183 202 201
f 184 185 203
f 184 203 202
f 185 186 204
f 185 204 203
f 186 187 205
f 186 205 204
f 187 188 206
f 187 206 205
f 188 189 207
f 188 207 206
f 189 190 208
f 189 208 207
f 190 191 209
f 190 209 208
f 191 192 210
f 191 210 209
f 192 193 211
f 192 211 210
f 193 194 212
f 193 212 211
f 194 195 213
f 194 213 212
f 195 196 214
f 195 214 213
f 196 197 215
f 196 215 214
f 197 198 216
f 197 216 215
f 199 200 218
f 199 218 217
f 200 201 219
f 200 219 218
f 201 202 220
f 201 220 219
f 202 203 221
f 202 221 220
f 203 204 222
f 203 222 221
f 204 205 223
f 204 223 222
f 205 206 224
f 205 224 223
f 206 207 225
f 206 225 224
f 207 208 226
f 207 226 225
f 208 209 227
f 208 227 226
f 209 210 228
f 209 228 227
f 210 211 229
f 210 229 228
f 211 212 230
f 211 230 229
f 212 213 231
f 212 231 230
f 213 214 232
f 213 232 231
f 214 215 233
f 214 233 232
f 215 216 234
f 215 234 233
f 217 218 236
f 217 236 235
f 218 219 237
f 218 237 236
f 219 220 238
f 219 238 237
f 220 221 239
f 220 239 238
f 221 222 240
f 221 240 239
f 222 223 241
f 222 241 240
f 223 224 242
f 223 242 241
f 224 225 243
f 224 243 242
f 225 226 244
f 225 244 243
f 226 227 245
f 226 245 244
f 227 228 246
f 227 246 245
f 228 229 247
f 228 247 246
f 229 230 248
f 229 248 247
f 230 231 249
f 230 249 248
f 231 232 250
f 231 250 249
f 232 233 251
f 232 251 250
f 233 234 252
f 233 252 251
f 235 236 254
f 235 254 253
f 236 237 255
f 236 255 254
f 237 238 256
f 237 256 255
f 238 239 257
f 238 257 256
f 239 240 258
f 239 258 257
f 240 241 259
f 240 259 258
f 241 242 260
f 241 260 259
f 242 243 261
f 242 261 260
f 243 244 262
f 243 262 261
f 244 245 263
f 244 263 262
f 245 246 264
f 245 264 263
f 246 247 265
f 246 265 264
f 247 248 266
f 247 266 265
f 248 249 267
f 248 267 266
f 249 250 268
f 249 268 267
f 250 251 269
f 250 269 268
f 251 252 270
f 251 270 269
f 253 254 272
f 253 272 271
f 254 255 273
f 254 273 272
f 255 256 274
f 255 274 273
f 256 257 275
f 256 275 274
f 257 258 276
f 257 276 275
f 258 259 277
f 258 277 276
f 259 260 278
f 259 278 277
f 260 261 279
f 260 279 278
f 261 262 280
f 261 280 279
f 262 263 281
f 262 281 280
f 263 264 282
f 263 282 281
f 264 265 283
f 264 283 282
f 265 266 284
f 265 284 283
f 266 267 285
f 266 285 284
f 267 268 286
f 267 286 285
f 268 269 287
f 268 287 286
f 269 270 288
f 269 288 287
f 271 272 290
f 271 290 289
f 272 273 291
f 272 291 290
f 273 274 292
f 273 292 291
f 274 275 293
f 274 293 292
f 275 276 294
f 275 294 293
f 276 277 295
f 276 295 294
f 277 278 296
f 277 296 295
f 278 279 297
f 278 297 296
f 279 280 298
f 279 298 297
f 280 281 299
f 280 299 298
f 281 282 300
f 281 300 299
f 282 283 301
f 282 301 300
f 283 284 302
f 283 302 301
f 284 285 303
f 284 303 302
f 285 286 304
f 285 304 303
f 286 287 305
f 286 305 304
f 287 288 306
f 287 306 305
f 289 290 308
f 289 308 307
f 290 291 309
f 290 309 308
f 291 292 310
f 291 310 309
f 292 293 311
f 292 311 310
f 293 294 312
f 293 312 311
f 294 295 313
f 294 313 312
f 295 296 314
f 295 314 313
f 296 297 315
f 296 315 314
f 297 298 316
f 297 316 315
f 298 299 317
f 298 317 316
f 299 300 318
f 299 318 317
f 300 301 319
f 300 319 318
f 301 302 320
f 301 320 319
f 302 303 321
f 302 321 320
f 303 304 322
f 303 322 321
f 304 305 323
f 304 323 322
f 305 306 324
f 305 324 323
f 307 308 326
f 307 326 325
f 308 309 327
f 308 327 326
f 309 310 328
f 309 328 327
f 310 311 329
f 310 329 328
f 311 312 330
f 311 330 329
f 312 313 331
f 312 331 330
f 313 314 332
f 313 332 331
f 314 315 333
f 314 333 332
f 315 316 334
f 315 334 333
f 316 317 335
f 316 335 334
f 317 318 336
f 317 336 335
f 318 319 337
f 318 337 336
f 319 320 338
f 319 338 337
f 320 321 339
f 320 339 338
f 321 322 340
f 321 340 339
f 322 323 341
f 322 341 340
f 323 324 342
f 323 342 341
f 325 326 344
f 325 344 343
f 326 327 345
f 326 345 344
f 327 328 346
f 327 346 345
f 328 329 347
f 328 347 346
f 329 330 348
f 329 348 347
f 330 331 349
f 330 349 348
f 331 332 350
f 331 350 349
f 332 333 351
f 332 351 350
f 333 334 352
f 333 352 351
f 334 335 353
f 334 353 352
f 335 336 354
f 335 354 353
f 336 337 355
f 336 355 354
f 337 338 356
f 337 356 355
f 338 339 357
f 338 357 356
f 339 340 358
f 339 358 357
f 340 341 359
f 340 359 358
f 341 342 360
f 341 360 359
f 343 344 362
f 343 362 361
f 344 345 363
f 344 363 362
f 345 346 364
f 345 364 363
f 346 347 365
f 346 365 364
f 347 348 366
f 347 366 365
f 348 349 367
f 348 367 366
f 349 350 368
f 349 368 367
f 350 351 369
f 350 369 368
f 351 352 370
f 351 370 369
f 352 353 371
f 352 371 370
f 353 354 372
f 353 372 371
f 354 355 373
f 354 373 372
f 355 356 374
f 355 374 373
f 356 357 375
f 356 375 374
f 357 358 376
f 357 376 375
f 358 359 377
f 358 377 376
f 359 360 378
f 359 378 377
f 361 362 380
f 361 380 379
f 362 363 381
f 362 381 380
f 363 364 382
f 363 382 381
f 364 365 383
f 364 383 382
f 365 366 384
f 365 384 383
f 366 367 385
f 366 385 384
f 367 368 386
f 367 386 385
f 368 369 387
f 368 387 386
f 369 370 388
f 369 388 387
f 370 371 389
f 370 389 388
f 371 372 390
f 371 390 389
f 372 373 391
f 372 391 390
f 373 374 392
f 373 392 391
f 374 375 393
f 374 393 392
f 375 376 394
f 375 394 393
f 376 377 395
f 376 395 394
f 377 378 396
f 377 396 395
f 379 380 398
f 379 398 397
f 380 381 399
f 380 399 398
f 381 382 400
f 381 400 399
f 382 383 401
f 382 401 400
f 383 384 402
f 383 402 401
f 384 385 403
f 384 403 402
f 385 386 404
f 385 404 403
f 386 387 405
f 386 405 404
f 387 388 406
f 387 406 405
f 388 389 407
f 388 407 406
f 389 390 408
f 389 408 407
f 390 391 409
f 390 409 408
f 391 392 410
f 391 410 409
f 392 393 411
f 392 411 410
f 393 394 412
f 393 412 411
f 394 395 413
f 394 413 412
f 395 396 414
f 395 414 413
f 397 398 416
f 397 416 415
f 398 399 417
f 398 417 416
f 399 400 418
f 399 418 417
f 400 401 419
f 400 419 418
f 401 402 420
f 401 420 419
f 402 403 421
f 402 421 420
f 403 404 422
f 403 422 421
f 404 405 423
f 404 423 422
f 405 406 424
f 405 424 423
f 406 407 425
f 406 425 424
f 407 408 426
f 407 426 425
f 408 409 427
f 408 427 426
f 409 410 428
f 409 428 427
f 410 411 429
f 410 429 428
f 411 412 430
f 411 430 429
f 412 413 431
f 412 431 430
f 413 414 432
f 413 432 431
f 415 416 434
f 415 434 433
f 416 417 435
f 416 435 434
f 417 418 436
f 417 436 435
f 418 419 437
f 418 437 436
f 419 420 438
f 419 438 437
f 420 421 439
f 420 439 438
f 421 422 440
f 421 440 439
f 422 423 441
f 422 441 440
f 423 424 442
f 423 442 441
f 424 425 443
f 424 443 442
f 425 426 444
f 425 444 443
f 426 427 445
f 426 445 444
f 427 428 446
f 427 446 445
f 428 429 447
f 428 447 446
f 429 430 448
f 429 448 447
f 430 431 449
f 430 449 448
f 431 432 450
f 431 450 449
f 433 434 452
f 433 452 451
f 434 435 453
f 434 453 452
f 435 436 454
f 435 454 453
f 436 437 455
f 436 455 454
f 437 438 456
f 437 456 455
f 438 439 457
f 438 457 456
f 439 440 458
f 439 458 457
f 440 441 459
f 440 459 458
f 441 442 460
f 441 460 459
f 442 443 461
f 442 461 460
f 443 444 462
f 443 462 461
f 444 445 463
f 444 463 462
f 445 446 464
f 445 464 463
f 446 447 465
f 446 465 464
f 447 448 466
f 447 466 465
f 448 449 467
f 448 467 466
f 449 450 468
f 449 468 467
f 451 452 470
f 451 470 469
f 452 453 471
f 452 471 470
f 453 454 472
f 453 472 471
f 454 455 473
f 454 473 472
f 455 456 474
f 455 474 473
f 456 457 475
f 456 475 474
f 457 458 476
f 457 476 475
f 458 459 477
f 458 477 476
f 459 460 478
f 459 478 477
f 460 461 479
f 460 479 478
f 461 462 480
f 461 480 479
f 462 463 481
f 462 481 480
f 463 464 482
f 463 482 481
f 464 465 483
f 464 483 482
f 465 466 484
f 465 484 483
f 466 467 485
f 466 485 484
f 467 468 486
f 467 486 485
f 469 470 488
f 469 488 487
f 470 471 489
f 470 489 488
f 471 472 490
f 471 490 489
f 472 473 491
f 472 491 490
f 473 474 492
f 473 492 491
f 474 475 493
f 474 493 492
f 475 476 494
f 475 494 493
f 476 477 495
f 476 495 494
f 477 478 496
f 477 496 495
f 478 479 497
f 478 497 496
f 479 480 498
f 479 498 497
f 480 481 499
f 480 499 498
f 481 482 500
f 481 500 499
f 482 483 501
f 482 501 500
f 483 484 502
f 483 502 501
f 484 485 503
f 484 503 502
f 485 486 504
f 485 504 503
f 487 488 506
f 487 506 505
f 488 489 507
f 488 507 506
f 489 490 508
f 489 508 507
f 490 491 509
f 490 509 508
f 491 492 510
f 491 510 509
f 492 493 511
f 492 511 510
f 493 494 512
f 493 512 511
f 494 495 513
f 494 513 512
f 495 496 514
f 495 514 513
f 496 497 515
f 496 515 514
f 497 498 516
f 497 516 515
f 498 499 517
f 498 517 516
f 499 500 518
f 499 518 517
f 500 501 519
f 500 519 518
f 501 502 520
f 501 520 519
f 502 503 521
f 502 521 520
f 503 504 522
f 503 522 521
f 505 506 524
f 505 524 523
f 506 507 525
f 506 525 524
f 507 508 526
f 507 526 525
f 508 509 527
f 508 527 526
f 509 510 528
f 509 528 527
f 510 511 529
f 510 529 528
f 511 512 530
f 511 530 529
f 512 513 531
f 512 531 530
f 513 514 532
f 513 532 531
f 514 515 533
f 514 533 532
f 515 516 534
f 515 534 533
f 516 517 535
f 516 535 534
f 517 518 536
f 517 536 535
f 518 519 537
f 518 537 536
f 519 520 538
f 519 538 537
f 520 521 539
f 520 539 538
f 521 522 540
f 521 540 539
f 523 524 542
f 523 542 541
f 524 525 543
f 524 543 542
f 525 526 544
f 525 544 543
f 526 527 545
f 526 545 544
f 527 528 546
f 527 546 545
f 528 529 547
f 528 547 546
f 529 530 548
f 529 548 547
f 530 531 549
f 530 549 548
f 531 532 550
f 531 550 549
f 532 533 551
f 532 551 550
f 533 534 552
f 533 552 551
f 534 535 553
f 534 553 552
f 535 536 554
f 535 554 553
f 536 537 555
f 536 555 554
f 537 538 556
f 537 556 555
f 538 539 557
f 538 557 556
f 539 540 558
f 539 558 557
f 541 542 560
f 541 560 559
f 542 543 561
f 542 561 560
f 543 544 562
f 543 562 561
f 544 545 563
f 544 563 562
f 545 546 564
f 545 564 563
f 546 547 565
f 546 565 564
f 547 548 566
f 547 566 565
f 548 549 567
f 548 567 566
f 549 550 568
f 549 568 567
f 550 551 569
f 550 569 568
f 551 552 570
f 551 570 569
f 552 553 571
f 552 571 570
f 553 554 572
f 553 572 571
f 554 555 573
f 554 573 572
f 555 556 574
f 555 574 573
f 556 557 575
f 556 575 574
f 557 558 576
f 557 576 575
f 559 560 578
f 559 578 577
f 560 561 579
f 560 579 578
f 561 562 580
f 561 580 579
f 562 563 581
f 562 581 580
f 563 564 582
f 563 582 581
f 564 565 583
f 564 583 582
f 565 566 584
f 565 584 583
f 566 567 585
f 566 585 584
f 567 568 586
f 567 586 585
f 568 569 587
f 568 587 586
f 569 570 588
f 569 588 587
f 570 571 589
f 570 589 588
f 571 572 590
f 571 590 589
f 572 573 591
f 572 591 590
f 573 574 592
f 573 592 591
f 574 575 593
f 574 593 592
f 575 576 594
f 575 594 593
f 577 578 596
f 577 596 595
f 578 579 597
f 578 597 596
f 579 580 598
f 579 598 597
f 580 581 599
f 580 599 598
f 581 582 600
f 581 600 599
f 582 583 601
f 582 601 600
f 583 584 602
f 583 602 601
f 584 585 603
f 584 603 602
f 585 586 604
f 585 604 603
f 586 587 605
f 586 605 604
f 587 588 606
f 587 606 605
f 588 589 607
f 588 607 606
f 589 590 608
f 589 608 607
f 590 591 609
f 590 609 608
f 591 592 610
f 591 610 609
f 592 593 611
f 592 611 610
f 593 594 612
f 593 612 611
f 1 2 1
f 1 3 2
f 1 4 3
f 1 5 4
f 1 6 5
f 1 7 6
f 1 8 7
f 1 9 8
f 1 10 9
f 1 11 10
f 1 12 11
f 1 13 12
f 1 14 13
f 1 15 14
f 1 16 15
f 1 17 16
f 1 18 17
f 595 595 596
f 595 596 597
f 595 597 598
f 595 598 599
f 595 599 600
f 595 600 601
f 595 601 602
f 595 602 603
f 595 603 604
f 595 604 605
f 595 605 606
f 595 606 607
f 595 607 608
f 595 608 609
f 595 609 610
f 595 610 611
f 595 611 612

o 02_flat_deck_surface
usemtl deck_white
v -6.950000 -0.508950 0.750000
v -6.950000 0.508950 0.750000
v -6.528788 -1.130094 0.757604
v -6.528788 1.130094 0.757604
v -6.107576 -1.273533 0.765140
v -6.107576 1.273533 0.765140
v -5.686364 -1.364333 0.772539
v -5.686364 1.364333 0.772539
v -5.265152 -1.431434 0.779733
v -5.265152 1.431434 0.779733
v -4.843939 -1.484959 0.786658
v -4.843939 1.484959 0.786658
v -4.422727 -1.529545 0.793251
v -4.422727 1.529545 0.793251
v -4.001515 -1.567587 0.799453
v -4.001515 1.567587 0.799453
v -3.580303 -1.600384 0.805206
v -3.580303 1.600384 0.805206
v -3.159091 -1.628633 0.810460
v -3.159091 1.628633 0.810460
v -2.737879 -1.652672 0.815166
v -2.737879 1.652672 0.815166
v -2.316667 -1.672605 0.819282
v -2.316667 1.672605 0.819282
v -1.895455 -1.688373 0.822771
v -1.895455 1.688373 0.822771
v -1.474242 -1.696500 0.825600
v -1.474242 1.696500 0.825600
v -1.053030 -1.696500 0.827745
v -1.053030 1.696500 0.827745
v -0.631818 -1.696500 0.829186
v -0.631818 1.696500 0.829186
v -0.210606 -1.696500 0.829909
v -0.210606 1.696500 0.829909
v 0.210606 -1.694385 0.829909
v 0.210606 1.694385 0.829909
v 0.631818 -1.677459 0.829186
v 0.631818 1.677459 0.829186
v 1.053030 -1.652779 0.827745
v 1.053030 1.652779 0.827745
v 1.474242 -1.619370 0.825600
v 1.474242 1.619370 0.825600
v 1.895455 -1.576134 0.822771
v 1.895455 1.576134 0.822771
v 2.316667 -1.521863 0.819282
v 2.316667 1.521863 0.819282
v 2.737879 -1.455264 0.815166
v 2.737879 1.455264 0.815166
v 3.159091 -1.374995 0.810460
v 3.159091 1.374995 0.810460
v 3.580303 -1.279740 0.805206
v 3.580303 1.279740 0.805206
v 4.001515 -1.168310 0.799453
v 4.001515 1.168310 0.799453
v 4.422727 -1.039803 0.793251
v 4.422727 1.039803 0.793251
v 4.843939 -0.893850 0.786658
v 4.843939 0.893850 0.786658
v 5.265152 -0.731006 0.779733
v 5.265152 0.731006 0.779733
v 5.686364 -0.553403 0.772539
v 5.686364 0.553403 0.772539
v 6.107576 -0.365973 0.765140
v 6.107576 0.365973 0.765140
v 6.528788 -0.179175 0.757604
v 6.528788 0.179175 0.757604
v 6.950000 -0.025447 0.750000
v 6.950000 0.025447 0.750000
f 613 614 616
f 613 616 615
f 615 616 618
f 615 618 617
f 617 618 620
f 617 620 619
f 619 620 622
f 619 622 621
f 621 622 624
f 621 624 623
f 623 624 626
f 623 626 625
f 625 626 628
f 625 628 627
f 627 628 630
f 627 630 629
f 629 630 632
f 629 632 631
f 631 632 634
f 631 634 633
f 633 634 636
f 633 636 635
f 635 636 638
f 635 638 637
f 637 638 640
f 637 640 639
f 639 640 642
f 639 642 641
f 641 642 644
f 641 644 643
f 643 644 646
f 643 646 645
f 645 646 648
f 645 648 647
f 647 648 650
f 647 650 649
f 649 650 652
f 649 652 651
f 651 652 654
f 651 654 653
f 653 654 656
f 653 656 655
f 655 656 658
f 655 658 657
f 657 658 660
f 657 660 659
f 659 660 662
f 659 662 661
f 661 662 664
f 661 664 663
f 663 664 666
f 663 666 665
f 665 666 668
f 665 668 667
f 667 668 670
f 667 670 669
f 669 670 672
f 669 672 671
f 671 672 674
f 671 674 673
f 673 674 676
f 673 676 675
f 675 676 678
f 675 678 677
f 677 678 680
f 677 680 679

o 03_teak_cockpit_floor
usemtl teak
v -6.350000 -1.625000 0.807500
v -3.650000 -1.625000 0.807500
v -3.650000 1.625000 0.807500
v -6.350000 1.625000 0.807500
v -6.350000 -1.625000 0.852500
v -3.650000 -1.625000 0.852500
v -3.650000 1.625000 0.852500
v -6.350000 1.625000 0.852500
f 681 682 683
f 681 683 684
f 685 687 686
f 685 688 687
f 681 685 686
f 681 686 682
f 682 686 687
f 682 687 683
f 683 687 688
f 683 688 684
f 684 688 685
f 684 685 681

o 04_teak_foredeck_panel
usemtl teak
v 3.000000 -0.775000 0.820000
v 6.000000 -0.775000 0.820000
v 6.000000 0.775000 0.820000
v 3.000000 0.775000 0.820000
v 3.000000 -0.775000 0.860000
v 6.000000 -0.775000 0.860000
v 6.000000 0.775000 0.860000
v 3.000000 0.775000 0.860000
f 689 690 691
f 689 691 692
f 693 695 694
f 693 696 695
f 689 693 694
f 689 694 690
f 690 694 695
f 690 695 691
f 691 695 696
f 691 696 692
f 692 696 693
f 692 693 689

o 05_teak_port_side_deck
usemtl teak
v -5.200000 -1.860000 0.842500
v 3.600000 -1.860000 0.842500
v 3.600000 -1.540000 0.842500
v -5.200000 -1.540000 0.842500
v -5.200000 -1.860000 0.877500
v 3.600000 -1.860000 0.877500
v 3.600000 -1.540000 0.877500
v -5.200000 -1.540000 0.877500
f 697 698 699
f 697 699 700
f 701 703 702
f 701 704 703
f 697 701 702
f 697 702 698
f 698 702 703
f 698 703 699
f 699 703 704
f 699 704 700
f 700 704 701
f 700 701 697

o 06_teak_starboard_side_deck
usemtl teak
v -5.200000 1.540000 0.842500
v 3.600000 1.540000 0.842500
v 3.600000 1.860000 0.842500
v -5.200000 1.860000 0.842500
v -5.200000 1.540000 0.877500
v 3.600000 1.540000 0.877500
v 3.600000 1.860000 0.877500
v -5.200000 1.860000 0.877500
f 705 706 707
f 705 707 708
f 709 711 710
f 709 712 711
f 705 709 710
f 705 710 706
f 706 710 711
f 706 711 707
f 707 711 712
f 707 712 708
f 708 712 709
f 708 709 705

o 07_cabin_coachroof
usemtl deck_white
v -3.500000 -1.000000 0.855000
v 1.300000 -1.000000 0.855000
v 1.300000 1.000000 0.855000
v -3.500000 1.000000 0.855000
v -3.500000 -1.000000 1.505000
v 1.300000 -1.000000 1.505000
v 1.300000 1.000000 1.505000
v -3.500000 1.000000 1.505000
f 713 714 715
f 713 715 716
f 717 719 718
f 717 720 719
f 713 717 718
f 713 718 714
f 714 718 719
f 714 719 715
f 715 719 720
f 715 720 716
f 716 720 717
f 716 717 713

o 08_forward_low_cabin
usemtl deck_white
v 1.100000 -0.700000 0.855000
v 3.900000 -0.700000 0.855000
v 3.900000 0.700000 0.855000
v 1.100000 0.700000 0.855000
v 1.100000 -0.700000 1.205000
v 3.900000 -0.700000 1.205000
v 3.900000 0.700000 1.205000
v 1.100000 0.700000 1.205000
f 721 722 723
f 721 723 724
f 725 727 726
f 725 728 727
f 721 725 726
f 721 726 722
f 722 726 727
f 722 727 723
f 723 727 728
f 723 728 724
f 724 728 725
f 724 725 721

o 09_cabin_window_port_aft
usemtl glass_dark
v -2.350000 -1.060000 1.150000
v -1.150000 -1.060000 1.150000
v -1.150000 -1.020000 1.150000
v -2.350000 -1.020000 1.150000
v -2.350000 -1.060000 1.330000
v -1.150000 -1.060000 1.330000
v -1.150000 -1.020000 1.330000
v -2.350000 -1.020000 1.330000
f 729 730 731
f 729 731 732
f 733 735 734
f 733 736 735
f 729 733 734
f 729 734 730
f 730 734 735
f 730 735 731
f 731 735 736
f 731 736 732
f 732 736 733
f 732 733 729

o 10_cabin_window_port_mid
usemtl glass_dark
v -0.750000 -1.060000 1.150000
v 0.250000 -1.060000 1.150000
v 0.250000 -1.020000 1.150000
v -0.750000 -1.020000 1.150000
v -0.750000 -1.060000 1.330000
v 0.250000 -1.060000 1.330000
v 0.250000 -1.020000 1.330000
v -0.750000 -1.020000 1.330000
f 737 738 739
f 737 739 740
f 741 743 742
f 741 744 743
f 737 741 742
f 737 742 738
f 738 742 743
f 738 743 739
f 739 743 744
f 739 744 740
f 740 744 741
f 740 741 737

o 09_cabin_window_starboard_aft
usemtl glass_dark
v -2.350000 1.020000 1.150000
v -1.150000 1.020000 1.150000
v -1.150000 1.060000 1.150000
v -2.350000 1.060000 1.150000
v -2.350000 1.020000 1.330000
v -1.150000 1.020000 1.330000
v -1.150000 1.060000 1.330000
v -2.350000 1.060000 1.330000
f 745 746 747
f 745 747 748
f 749 751 750
f 749 752 751
f 745 749 750
f 745 750 746
f 746 750 751
f 746 751 747
f 747 751 752
f 747 752 748
f 748 752 749
f 748 749 745

o 10_cabin_window_starboard_mid
usemtl glass_dark
v -0.750000 1.020000 1.150000
v 0.250000 1.020000 1.150000
v 0.250000 1.060000 1.150000
v -0.750000 1.060000 1.150000
v -0.750000 1.020000 1.330000
v 0.250000 1.020000 1.330000
v 0.250000 1.060000 1.330000
v -0.750000 1.060000 1.330000
f 753 754 755
f 753 755 756
f 757 759 758
f 757 760 759
f 753 757 758
f 753 758 754
f 754 758 759
f 754 759 755
f 755 759 760
f 755 760 756
f 756 760 757
f 756 757 753

o 11_hull_window_port_0
usemtl glass_dark
v -5.140000 -2.097500 0.180000
v -4.460000 -2.097500 0.180000
v -4.460000 -2.062500 0.180000
v -5.140000 -2.062500 0.180000
v -5.140000 -2.097500 0.380000
v -4.460000 -2.097500 0.380000
v -4.460000 -2.062500 0.380000
v -5.140000 -2.062500 0.380000
f 761 762 763
f 761 763 764
f 765 767 766
f 765 768 767
f 761 765 766
f 761 766 762
f 762 766 767
f 762 767 763
f 763 767 768
f 763 768 764
f 764 768 765
f 764 765 761

o 11_hull_window_port_1
usemtl glass_dark
v -2.040000 -2.097500 0.180000
v -1.360000 -2.097500 0.180000
v -1.360000 -2.062500 0.180000
v -2.040000 -2.062500 0.180000
v -2.040000 -2.097500 0.380000
v -1.360000 -2.097500 0.380000
v -1.360000 -2.062500 0.380000
v -2.040000 -2.062500 0.380000
f 769 770 771
f 769 771 772
f 773 775 774
f 773 776 775
f 769 773 774
f 769 774 770
f 770 774 775
f 770 775 771
f 771 775 776
f 771 776 772
f 772 776 773
f 772 773 769

o 11_hull_window_port_2
usemtl glass_dark
v 0.860000 -2.097500 0.180000
v 1.540000 -2.097500 0.180000
v 1.540000 -2.062500 0.180000
v 0.860000 -2.062500 0.180000
v 0.860000 -2.097500 0.380000
v 1.540000 -2.097500 0.380000
v 1.540000 -2.062500 0.380000
v 0.860000 -2.062500 0.380000
f 777 778 779
f 777 779 780
f 781 783 782
f 781 784 783
f 777 781 782
f 777 782 778
f 778 782 783
f 778 783 779
f 779 783 784
f 779 784 780
f 780 784 781
f 780 781 777

o 11_hull_window_port_3
usemtl glass_dark
v 3.660000 -2.097500 0.180000
v 4.340000 -2.097500 0.180000
v 4.340000 -2.062500 0.180000
v 3.660000 -2.062500 0.180000
v 3.660000 -2.097500 0.380000
v 4.340000 -2.097500 0.380000
v 4.340000 -2.062500 0.380000
v 3.660000 -2.062500 0.380000
f 785 786 787
f 785 787 788
f 789 791 790
f 789 792 791
f 785 789 790
f 785 790 786
f 786 790 791
f 786 791 787
f 787 791 792
f 787 792 788
f 788 792 789
f 788 789 785

o 11_hull_window_starboard_0
usemtl glass_dark
v -5.140000 2.062500 0.180000
v -4.460000 2.062500 0.180000
v -4.460000 2.097500 0.180000
v -5.140000 2.097500 0.180000
v -5.140000 2.062500 0.380000
v -4.460000 2.062500 0.380000
v -4.460000 2.097500 0.380000
v -5.140000 2.097500 0.380000
f 793 794 795
f 793 795 796
f 797 799 798
f 797 800 799
f 793 797 798
f 793 798 794
f 794 798 799
f 794 799 795
f 795 799 800
f 795 800 796
f 796 800 797
f 796 797 793

o 11_hull_window_starboard_1
usemtl glass_dark
v -2.040000 2.062500 0.180000
v -1.360000 2.062500 0.180000
v -1.360000 2.097500 0.180000
v -2.040000 2.097500 0.180000
v -2.040000 2.062500 0.380000
v -1.360000 2.062500 0.380000
v -1.360000 2.097500 0.380000
v -2.040000 2.097500 0.380000
f 801 802 803
f 801 803 804
f 805 807 806
f 805 808 807
f 801 805 806
f 801 806 802
f 802 806 807
f 802 807 803
f 803 807 808
f 803 808 804
f 804 808 805
f 804 805 801

o 11_hull_window_starboard_2
usemtl glass_dark
v 0.860000 2.062500 0.180000
v 1.540000 2.062500 0.180000
v 1.540000 2.097500 0.180000
v 0.860000 2.097500 0.180000
v 0.860000 2.062500 0.380000
v 1.540000 2.062500 0.380000
v 1.540000 2.097500 0.380000
v 0.860000 2.097500 0.380000
f 809 810 811
f 809 811 812
f 813 815 814
f 813 816 815
f 809 813 814
f 809 814 810
f 810 814 815
f 810 815 811
f 811 815 816
f 811 816 812
f 812 816 813
f 812 813 809

o 11_hull_window_starboard_3
usemtl glass_dark
v 3.660000 2.062500 0.180000
v 4.340000 2.062500 0.180000
v 4.340000 2.097500 0.180000
v 3.660000 2.097500 0.180000
v 3.660000 2.062500 0.380000
v 4.340000 2.062500 0.380000
v 4.340000 2.097500 0.380000
v 3.660000 2.097500 0.380000
f 817 818 819
f 817 819 820
f 821 823 822
f 821 824 823
f 817 821 822
f 817 822 818
f 818 822 823
f 818 823 819
f 819 823 824
f 819 824 820
f 820 824 821
f 820 821 817

o 12_deep_fin_keel
usemtl keel
v -0.850000 -0.130000 -0.620000
v 0.850000 -0.130000 -0.620000
v 0.850000 0.130000 -0.620000
v -0.850000 0.130000 -0.620000
v -0.350000 -0.100000 -2.150000
v 0.550000 -0.100000 -2.150000
v 0.550000 0.100000 -2.150000
v -0.350000 0.100000 -2.150000
f 825 826 827
f 825 827 828
f 829 831 830
f 829 832 831
f 825 829 830
f 825 830 826
f 826 830 831
f 826 831 827
f 827 831 832
f 827 832 828
f 828 832 829
f 828 829 825

o 13_keel_bulb_simple
usemtl keel
v 0.230000 -0.050000 -2.160000
v 0.204880 -0.050000 -2.286286
v 0.133345 -0.050000 -2.393345
v 0.026286 -0.050000 -2.464880
v -0.100000 -0.050000 -2.490000
v -0.226286 -0.050000 -2.464880
v -0.333345 -0.050000 -2.393345
v -0.404880 -0.050000 -2.286286
v -0.430000 -0.050000 -2.160000
v -0.404880 -0.050000 -2.033714
v -0.333345 -0.050000 -1.926655
v -0.226286 -0.050000 -1.855120
v -0.100000 -0.050000 -1.830000
v 0.026286 -0.050000 -1.855120
v 0.133345 -0.050000 -1.926655
v 0.204880 -0.050000 -2.033714
v 0.230000 0.050000 -2.160000
v 0.204880 0.050000 -2.286286
v 0.133345 0.050000 -2.393345
v 0.026286 0.050000 -2.464880
v -0.100000 0.050000 -2.490000
v -0.226286 0.050000 -2.464880
v -0.333345 0.050000 -2.393345
v -0.404880 0.050000 -2.286286
v -0.430000 0.050000 -2.160000
v -0.404880 0.050000 -2.033714
v -0.333345 0.050000 -1.926655
v -0.226286 0.050000 -1.855120
v -0.100000 0.050000 -1.830000
v 0.026286 0.050000 -1.855120
v 0.133345 0.050000 -1.926655
v 0.204880 0.050000 -2.033714
v -0.100000 -0.050000 -2.160000
v -0.100000 0.050000 -2.160000
f 833 834 850
f 833 850 849
f 834 835 851
f 834 851 850
f 835 836 852
f 835 852 851
f 836 837 853
f 836 853 852
f 837 838 854
f 837 854 853
f 838 839 855
f 838 855 854
f 839 840 856
f 839 856 855
f 840 841 857
f 840 857 856
f 841 842 858
f 841 858 857
f 842 843 859
f 842 859 858
f 843 844 860
f 843 860 859
f 844 845 861
f 844 861 860
f 845 846 862
f 845 862 861
f 846 847 863
f 846 863 862
f 847 848 864
f 847 864 863
f 848 833 849
f 848 849 864
f 865 834 833
f 866 849 850
f 865 835 834
f 866 850 851
f 865 836 835
f 866 851 852
f 865 837 836
f 866 852 853
f 865 838 837
f 866 853 854
f 865 839 838
f 866 854 855
f 865 840 839
f 866 855 856
f 865 841 840
f 866 856 857
f 865 842 841
f 866 857 858
f 865 843 842
f 866 858 859
f 865 844 843
f 866 859 860
f 865 845 844
f 866 860 861
f 865 846 845
f 866 861 862
f 865 847 846
f 866 862 863
f 865 848 847
f 866 863 864
f 865 833 848
f 866 864 849

o 14_spade_rudder
usemtl keel
v -6.050000 -0.050000 -0.550000
v -5.550000 -0.050000 -0.650000
v -5.750000 -0.050000 -1.750000
v -6.250000 -0.050000 -1.650000
v -6.050000 0.050000 -0.550000
v -5.550000 0.050000 -0.650000
v -5.750000 0.050000 -1.750000
v -6.250000 0.050000 -1.650000
f 867 868 869
f 867 869 870
f 871 873 872
f 871 874 873
f 867 871 872
f 867 872 868
f 868 872 873
f 868 873 869
f 869 873 874
f 869 874 870
f 870 874 871
f 870 871 867

o 15_aluminium_mast
usemtl metal
v -0.325000 0.000000 0.920000
v -0.320477 -0.025652 0.920000
v -0.307453 -0.048209 0.920000
v -0.287500 -0.064952 0.920000
v -0.263024 -0.073861 0.920000
v -0.236976 -0.073861 0.920000
v -0.212500 -0.064952 0.920000
v -0.192547 -0.048209 0.920000
v -0.179523 -0.025652 0.920000
v -0.175000 -0.000000 0.920000
v -0.179523 0.025652 0.920000
v -0.192547 0.048209 0.920000
v -0.212500 0.064952 0.920000
v -0.236976 0.073861 0.920000
v -0.263024 0.073861 0.920000
v -0.287500 0.064952 0.920000
v -0.307453 0.048209 0.920000
v -0.320477 0.025652 0.920000
v -0.325000 0.000000 18.100000
v -0.320477 -0.025652 18.100000
v -0.307453 -0.048209 18.100000
v -0.287500 -0.064952 18.100000
v -0.263024 -0.073861 18.100000
v -0.236976 -0.073861 18.100000
v -0.212500 -0.064952 18.100000
v -0.192547 -0.048209 18.100000
v -0.179523 -0.025652 18.100000
v -0.175000 -0.000000 18.100000
v -0.179523 0.025652 18.100000
v -0.192547 0.048209 18.100000
v -0.212500 0.064952 18.100000
v -0.236976 0.073861 18.100000
v -0.263024 0.073861 18.100000
v -0.287500 0.064952 18.100000
v -0.307453 0.048209 18.100000
v -0.320477 0.025652 18.100000
v -0.250000 0.000000 0.920000
v -0.250000 0.000000 18.100000
f 875 876 894
f 875 894 893
f 876 877 895
f 876 895 894
f 877 878 896
f 877 896 895
f 878 879 897
f 878 897 896
f 879 880 898
f 879 898 897
f 880 881 899
f 880 899 898
f 881 882 900
f 881 900 899
f 882 883 901
f 882 901 900
f 883 884 902
f 883 902 901
f 884 885 903
f 884 903 902
f 885 886 904
f 885 904 903
f 886 887 905
f 886 905 904
f 887 888 906
f 887 906 905
f 888 889 907
f 888 907 906
f 889 890 908
f 889 908 907
f 890 891 909
f 890 909 908
f 891 892 910
f 891 910 909
f 892 875 893
f 892 893 910
f 911 876 875
f 912 893 894
f 911 877 876
f 912 894 895
f 911 878 877
f 912 895 896
f 911 879 878
f 912 896 897
f 911 880 879
f 912 897 898
f 911 881 880
f 912 898 899
f 911 882 881
f 912 899 900
f 911 883 882
f 912 900 901
f 911 884 883
f 912 901 902
f 911 885 884
f 912 902 903
f 911 886 885
f 912 903 904
f 911 887 886
f 912 904 905
f 911 888 887
f 912 905 906
f 911 889 888
f 912 906 907
f 911 890 889
f 912 907 908
f 911 891 890
f 912 908 909
f 911 892 891
f 912 909 910
f 911 875 892
f 912 910 893

o 16_boom
usemtl metal
v -0.250000 0.065000 2.350000
v -0.249322 0.060052 2.325135
v -0.248747 0.045962 2.304055
v -0.248363 0.024874 2.289970
v -0.248228 0.000000 2.285024
v -0.248363 -0.024874 2.289970
v -0.248747 -0.045962 2.304055
v -0.249322 -0.060052 2.325135
v -0.250000 -0.065000 2.350000
v -0.250678 -0.060052 2.374865
v -0.251253 -0.045962 2.395945
v -0.251637 -0.024874 2.410030
v -0.251772 -0.000000 2.414976
v -0.251637 0.024874 2.410030
v -0.251253 0.045962 2.395945
v -0.250678 0.060052 2.374865
v -5.750000 0.065000 2.200000
v -5.749322 0.060052 2.175135
v -5.748747 0.045962 2.154055
v -5.748363 0.024874 2.139970
v -5.748228 0.000000 2.135024
v -5.748363 -0.024874 2.139970
v -5.748747 -0.045962 2.154055
v -5.749322 -0.060052 2.175135
v -5.750000 -0.065000 2.200000
v -5.750678 -0.060052 2.224865
v -5.751253 -0.045962 2.245945
v -5.751637 -0.024874 2.260030
v -5.751772 -0.000000 2.264976
v -5.751637 0.024874 2.260030
v -5.751253 0.045962 2.245945
v -5.750678 0.060052 2.224865
v -0.250000 0.000000 2.350000
v -5.750000 0.000000 2.200000
f 913 914 930
f 913 930 929
f 914 915 931
f 914 931 930
f 915 916 932
f 915 932 931
f 916 917 933
f 916 933 932
f 917 918 934
f 917 934 933
f 918 919 935
f 918 935 934
f 919 920 936
f 919 936 935
f 920 921 937
f 920 937 936
f 921 922 938
f 921 938 937
f 922 923 939
f 922 939 938
f 923 924 940
f 923 940 939
f 924 925 941
f 924 941 940
f 925 926 942
f 925 942 941
f 926 927 943
f 926 943 942
f 927 928 944
f 927 944 943
f 928 913 929
f 928 929 944
f 945 914 913
f 946 929 930
f 945 915 914
f 946 930 931
f 945 916 915
f 946 931 932
f 945 917 916
f 946 932 933
f 945 918 917
f 946 933 934
f 945 919 918
f 946 934 935
f 945 920 919
f 946 935 936
f 945 921 920
f 946 936 937
f 945 922 921
f 946 937 938
f 945 923 922
f 946 938 939
f 945 924 923
f 946 939 940
f 945 925 924
f 946 940 941
f 945 926 925
f 946 941 942
f 945 927 926
f 946 942 943
f 945 928 927
f 946 943 944
f 945 913 928
f 946 944 929

o 17_port_spreader_lower
usemtl metal
v -0.285000 0.000000 7.000000
v -0.278316 -0.002661 6.979600
v -0.260816 -0.004305 6.966993
v -0.239184 -0.004305 6.966993
v -0.221684 -0.002661 6.979600
v -0.215000 -0.000000 7.000000
v -0.221684 0.002661 7.020400
v -0.239184 0.004305 7.033007
v -0.260816 0.004305 7.033007
v -0.278316 0.002661 7.020400
v -0.285000 -1.150000 7.150000
v -0.278316 -1.152661 7.129600
v -0.260816 -1.154305 7.116993
v -0.239184 -1.154305 7.116993
v -0.221684 -1.152661 7.129600
v -0.215000 -1.150000 7.150000
v -0.221684 -1.147339 7.170400
v -0.239184 -1.145695 7.183007
v -0.260816 -1.145695 7.183007
v -0.278316 -1.147339 7.170400
v -0.250000 0.000000 7.000000
v -0.250000 -1.150000 7.150000
f 947 948 958
f 947 958 957
f 948 949 959
f 948 959 958
f 949 950 960
f 949 960 959
f 950 951 961
f 950 961 960
f 951 952 962
f 951 962 961
f 952 953 963
f 952 963 962
f 953 954 964
f 953 964 963
f 954 955 965
f 954 965 964
f 955 956 966
f 955 966 965
f 956 947 957
f 956 957 966
f 967 948 947
f 968 957 958
f 967 949 948
f 968 958 959
f 967 950 949
f 968 959 960
f 967 951 950
f 968 960 961
f 967 952 951
f 968 961 962
f 967 953 952
f 968 962 963
f 967 954 953
f 968 963 964
f 967 955 954
f 968 964 965
f 967 956 955
f 968 965 966
f 967 947 956
f 968 966 957

o 18_starboard_spreader_lower
usemtl metal
v -0.215000 0.000000 7.000000
v -0.221684 0.002661 6.979600
v -0.239184 0.004305 6.966993
v -0.260816 0.004305 6.966993
v -0.278316 0.002661 6.979600
v -0.285000 0.000000 7.000000
v -0.278316 -0.002661 7.020400
v -0.260816 -0.004305 7.033007
v -0.239184 -0.004305 7.033007
v -0.221684 -0.002661 7.020400
v -0.215000 1.150000 7.150000
v -0.221684 1.152661 7.129600
v -0.239184 1.154305 7.116993
v -0.260816 1.154305 7.116993
v -0.278316 1.152661 7.129600
v -0.285000 1.150000 7.150000
v -0.278316 1.147339 7.170400
v -0.260816 1.145695 7.183007
v -0.239184 1.145695 7.183007
v -0.221684 1.147339 7.170400
v -0.250000 0.000000 7.000000
v -0.250000 1.150000 7.150000
f 969 970 980
f 969 980 979
f 970 971 981
f 970 981 980
f 971 972 982
f 971 982 981
f 972 973 983
f 972 983 982
f 973 974 984
f 973 984 983
f 974 975 985
f 974 985 984
f 975 976 986
f 975 986 985
f 976 977 987
f 976 987 986
f 977 978 988
f 977 988 987
f 978 969 979
f 978 979 988
f 989 970 969
f 990 979 980
f 989 971 970
f 990 980 981
f 989 972 971
f 990 981 982
f 989 973 972
f 990 982 983
f 989 974 973
f 990 983 984
f 989 975 974
f 990 984 985
f 989 976 975
f 990 985 986
f 989 977 976
f 990 986 987
f 989 978 977
f 990 987 988
f 989 969 978
f 990 988 979

o 19_port_spreader_upper
usemtl metal
v -0.278000 0.000000 12.200000
v -0.272652 -0.002567 12.183743
v -0.258652 -0.004153 12.173696
v -0.241348 -0.004153 12.173696
v -0.227348 -0.002567 12.183743
v -0.222000 -0.000000 12.200000
v -0.227348 0.002567 12.216257
v -0.241348 0.004153 12.226304
v -0.258652 0.004153 12.226304
v -0.272652 0.002567 12.216257
v -0.278000 -0.950000 12.350000
v -0.272652 -0.952567 12.333743
v -0.258652 -0.954153 12.323696
v -0.241348 -0.954153 12.323696
v -0.227348 -0.952567 12.333743
v -0.222000 -0.950000 12.350000
v -0.227348 -0.947433 12.366257
v -0.241348 -0.945847 12.376304
v -0.258652 -0.945847 12.376304
v -0.272652 -0.947433 12.366257
v -0.250000 0.000000 12.200000
v -0.250000 -0.950000 12.350000
f 991 992 1002
f 991 1002 1001
f 992 993 1003
f 992 1003 1002
f 993 994 1004
f 993 1004 1003
f 994 995 1005
f 994 1005 1004
f 995 996 1006
f 995 1006 1005
f 996 997 1007
f 996 1007 1006
f 997 998 1008
f 997 1008 1007
f 998 999 1009
f 998 1009 1008
f 999 1000 1010
f 999 1010 1009
f 1000 991 1001
f 1000 1001 1010
f 1011 992 991
f 1012 1001 1002
f 1011 993 992
f 1012 1002 1003
f 1011 994 993
f 1012 1003 1004
f 1011 995 994
f 1012 1004 1005
f 1011 996 995
f 1012 1005 1006
f 1011 997 996
f 1012 1006 1007
f 1011 998 997
f 1012 1007 1008
f 1011 999 998
f 1012 1008 1009
f 1011 1000 999
f 1012 1009 1010
f 1011 991 1000
f 1012 1010 1001

o 20_starboard_spreader_upper
usemtl metal
v -0.222000 0.000000 12.200000
v -0.227348 0.002567 12.183743
v -0.241348 0.004153 12.173696
v -0.258652 0.004153 12.173696
v -0.272652 0.002567 12.183743
v -0.278000 0.000000 12.200000
v -0.272652 -0.002567 12.216257
v -0.258652 -0.004153 12.226304
v -0.241348 -0.004153 12.226304
v -0.227348 -0.002567 12.216257
v -0.222000 0.950000 12.350000
v -0.227348 0.952567 12.333743
v -0.241348 0.954153 12.323696
v -0.258652 0.954153 12.323696
v -0.272652 0.952567 12.333743
v -0.278000 0.950000 12.350000
v -0.272652 0.947433 12.366257
v -0.258652 0.945847 12.376304
v -0.241348 0.945847 12.376304
v -0.227348 0.947433 12.366257
v -0.250000 0.000000 12.200000
v -0.250000 0.950000 12.350000
f 1013 1014 1024
f 1013 1024 1023
f 1014 1015 1025
f 1014 1025 1024
f 1015 1016 1026
f 1015 1026 1025
f 1016 1017 1027
f 1016 1027 1026
f 1017 1018 1028
f 1017 1028 1027
f 1018 1019 1029
f 1018 1029 1028
f 1019 1020 1030
f 1019 1030 1029
f 1020 1021 1031
f 1020 1031 1030
f 1021 1022 1032
f 1021 1032 1031
f 1022 1013 1023
f 1022 1023 1032
f 1033 1014 1013
f 1034 1023 1024
f 1033 1015 1014
f 1034 1024 1025
f 1033 1016 1015
f 1034 1025 1026
f 1033 1017 1016
f 1034 1026 1027
f 1033 1018 1017
f 1034 1027 1028
f 1033 1019 1018
f 1034 1028 1029
f 1033 1020 1019
f 1034 1029 1030
f 1033 1021 1020
f 1034 1030 1031
f 1033 1022 1021
f 1034 1031 1032
f 1033 1013 1022
f 1034 1032 1023

o 21_mainsail_grot
usemtl sail
v -0.250000 0.040000 2.250000
v -0.250000 0.040000 17.650000
v -5.750000 0.040000 2.200000
f 1035 1036 1037
f 1037 1036 1035

o 22_headsail_staksel_genoa
usemtl sail
v 6.550000 -0.040000 0.980000
v -0.250000 -0.040000 16.700000
v 2.050000 -0.040000 1.950000
f 1038 1039 1040
f 1040 1039 1038

o 23_mainsail_seam_0
usemtl rigging
v -0.250000 0.065000 4.400000
v -0.249909 0.060000 4.391340
v -0.249909 0.050000 4.391340
v -0.250000 0.045000 4.400000
v -0.250091 0.050000 4.408660
v -0.250091 0.060000 4.408660
v -4.982143 0.065000 4.350000
v -4.982051 0.060000 4.341340
v -4.982051 0.050000 4.341340
v -4.982143 0.045000 4.350000
v -4.982234 0.050000 4.358660
v -4.982234 0.060000 4.358660
v -0.250000 0.055000 4.400000
v -4.982143 0.055000 4.350000
f 1041 1042 1048
f 1041 1048 1047
f 1042 1043 1049
f 1042 1049 1048
f 1043 1044 1050
f 1043 1050 1049
f 1044 1045 1051
f 1044 1051 1050
f 1045 1046 1052
f 1045 1052 1051
f 1046 1041 1047
f 1046 1047 1052
f 1053 1042 1041
f 1054 1047 1048
f 1053 1043 1042
f 1054 1048 1049
f 1053 1044 1043
f 1054 1049 1050
f 1053 1045 1044
f 1054 1050 1051
f 1053 1046 1045
f 1054 1051 1052
f 1053 1041 1046
f 1054 1052 1047

o 23_mainsail_seam_1
usemtl rigging
v -0.250000 0.065000 6.700000
v -0.249889 0.060000 6.691340
v -0.249889 0.050000 6.691340
v -0.250000 0.045000 6.700000
v -0.250111 0.050000 6.708660
v -0.250111 0.060000 6.708660
v -4.160714 0.065000 6.650000
v -4.160604 0.060000 6.641340
v -4.160604 0.050000 6.641340
v -4.160714 0.045000 6.650000
v -4.160825 0.050000 6.658660
v -4.160825 0.060000 6.658660
v -0.250000 0.055000 6.700000
v -4.160714 0.055000 6.650000
f 1055 1056 1062
f 1055 1062 1061
f 1056 1057 1063
f 1056 1063 1062
f 1057 1058 1064
f 1057 1064 1063
f 1058 1059 1065
f 1058 1065 1064
f 1059 1060 1066
f 1059 1066 1065
f 1060 1055 1061
f 1060 1061 1066
f 1067 1056 1055
f 1068 1061 1062
f 1067 1057 1056
f 1068 1062 1063
f 1067 1058 1057
f 1068 1063 1064
f 1067 1059 1058
f 1068 1064 1065
f 1067 1060 1059
f 1068 1065 1066
f 1067 1055 1060
f 1068 1066 1061

o 23_mainsail_seam_2
usemtl rigging
v -0.250000 0.065000 9.000000
v -0.249860 0.060000 8.991341
v -0.249860 0.050000 8.991341
v -0.250000 0.045000 9.000000
v -0.250140 0.050000 9.008659
v -0.250140 0.060000 9.008659
v -3.339286 0.065000 8.950000
v -3.339146 0.060000 8.941341
v -3.339146 0.050000 8.941341
v -3.339286 0.045000 8.950000
v -3.339426 0.050000 8.958659
v -3.339426 0.060000 8.958659
v -0.250000 0.055000 9.000000
v -3.339286 0.055000 8.950000
f 1069 1070 1076
f 1069 1076 1075
f 1070 1071 1077
f 1070 1077 1076
f 1071 1072 1078
f 1071 1078 1077
f 1072 1073 1079
f 1072 1079 1078
f 1073 1074 1080
f 1073 1080 1079
f 1074 1069 1075
f 1074 1075 1080
f 1081 1070 1069
f 1082 1075 1076
f 1081 1071 1070
f 1082 1076 1077
f 1081 1072 1071
f 1082 1077 1078
f 1081 1073 1072
f 1082 1078 1079
f 1081 1074 1073
f 1082 1079 1080
f 1081 1069 1074
f 1082 1080 1075

o 23_mainsail_seam_3
usemtl rigging
v -0.250000 0.065000 11.300000
v -0.249809 0.060000 11.291342
v -0.249809 0.050000 11.291342
v -0.250000 0.045000 11.300000
v -0.250191 0.050000 11.308658
v -0.250191 0.060000 11.308658
v -2.517857 0.065000 11.250000
v -2.517666 0.060000 11.241342
v -2.517666 0.050000 11.241342
v -2.517857 0.045000 11.250000
v -2.518048 0.050000 11.258658
v -2.518048 0.060000 11.258658
v -0.250000 0.055000 11.300000
v -2.517857 0.055000 11.250000
f 1083 1084 1090
f 1083 1090 1089
f 1084 1085 1091
f 1084 1091 1090
f 1085 1086 1092
f 1085 1092 1091
f 1086 1087 1093
f 1086 1093 1092
f 1087 1088 1094
f 1087 1094 1093
f 1088 1083 1089
f 1088 1089 1094
f 1095 1084 1083
f 1096 1089 1090
f 1095 1085 1084
f 1096 1090 1091
f 1095 1086 1085
f 1096 1091 1092
f 1095 1087 1086
f 1096 1092 1093
f 1095 1088 1087
f 1096 1093 1094
f 1095 1083 1088
f 1096 1094 1089

o 23_mainsail_seam_4
usemtl rigging
v -0.250000 0.065000 13.600000
v -0.249701 0.060000 13.591345
v -0.249701 0.050000 13.591345
v -0.250000 0.045000 13.600000
v -0.250299 0.050000 13.608655
v -0.250299 0.060000 13.608655
v -1.696429 0.065000 13.550000
v -1.696129 0.060000 13.541345
v -1.696129 0.050000 13.541345
v -1.696429 0.045000 13.550000
v -1.696728 0.050000 13.558655
v -1.696728 0.060000 13.558655
v -0.250000 0.055000 13.600000
v -1.696429 0.055000 13.550000
f 1097 1098 1104
f 1097 1104 1103
f 1098 1099 1105
f 1098 1105 1104
f 1099 1100 1106
f 1099 1106 1105
f 1100 1101 1107
f 1100 1107 1106
f 1101 1102 1108
f 1101 1108 1107
f 1102 1097 1103
f 1102 1103 1108
f 1109 1098 1097
f 1110 1103 1104
f 1109 1099 1098
f 1110 1104 1105
f 1109 1100 1099
f 1110 1105 1106
f 1109 1101 1100
f 1110 1106 1107
f 1109 1102 1101
f 1110 1107 1108
f 1109 1097 1102
f 1110 1108 1103

o 23_mainsail_seam_5
usemtl rigging
v -0.250000 0.065000 15.800000
v -0.249346 0.060000 15.791364
v -0.249346 0.050000 15.791364
v -0.250000 0.045000 15.800000
v -0.250654 0.050000 15.808636
v -0.250654 0.060000 15.808636
v -0.910714 0.065000 15.750000
v -0.910061 0.060000 15.741364
v -0.910061 0.050000 15.741364
v -0.910714 0.045000 15.750000
v -0.911368 0.050000 15.758636
v -0.911368 0.060000 15.758636
v -0.250000 0.055000 15.800000
v -0.910714 0.055000 15.750000
f 1111 1112 1118
f 1111 1118 1117
f 1112 1113 1119
f 1112 1119 1118
f 1113 1114 1120
f 1113 1120 1119
f 1114 1115 1121
f 1114 1121 1120
f 1115 1116 1122
f 1115 1122 1121
f 1116 1111 1117
f 1116 1117 1122
f 1123 1112 1111
f 1124 1117 1118
f 1123 1113 1112
f 1124 1118 1119
f 1123 1114 1113
f 1124 1119 1120
f 1123 1115 1114
f 1124 1120 1121
f 1123 1116 1115
f 1124 1121 1122
f 1123 1111 1116
f 1124 1122 1117

o 24_headsail_seam_0
usemtl rigging
v 5.190000 -0.045000 4.124000
v 5.190072 -0.050000 4.115340
v 5.190072 -0.060000 4.115340
v 5.190000 -0.065000 4.124000
v 5.189928 -0.060000 4.132660
v 5.189928 -0.050000 4.132660
v 1.590000 -0.045000 4.094000
v 1.590072 -0.050000 4.085340
v 1.590072 -0.060000 4.085340
v 1.590000 -0.065000 4.094000
v 1.589928 -0.060000 4.102660
v 1.589928 -0.050000 4.102660
v 5.190000 -0.055000 4.124000
v 1.590000 -0.055000 4.094000
f 1125 1126 1132
f 1125 1132 1131
f 1126 1127 1133
f 1126 1133 1132
f 1127 1128 1134
f 1127 1134 1133
f 1128 1129 1135
f 1128 1135 1134
f 1129 1130 1136
f 1129 1136 1135
f 1130 1125 1131
f 1130 1131 1136
f 1137 1126 1125
f 1138 1131 1132
f 1137 1127 1126
f 1138 1132 1133
f 1137 1128 1127
f 1138 1133 1134
f 1137 1129 1128
f 1138 1134 1135
f 1137 1130 1129
f 1138 1135 1136
f 1137 1125 1130
f 1138 1136 1131

o 24_headsail_seam_1
usemtl rigging
v 4.102000 -0.045000 6.639200
v 4.102090 -0.050000 6.630540
v 4.102090 -0.060000 6.630540
v 4.102000 -0.065000 6.639200
v 4.101910 -0.060000 6.647860
v 4.101910 -0.050000 6.647860
v 1.222000 -0.045000 6.609200
v 1.222090 -0.050000 6.600540
v 1.222090 -0.060000 6.600540
v 1.222000 -0.065000 6.609200
v 1.221910 -0.060000 6.617860
v 1.221910 -0.050000 6.617860
v 4.102000 -0.055000 6.639200
v 1.222000 -0.055000 6.609200
f 1139 1140 1146
f 1139 1146 1145
f 1140 1141 1147
f 1140 1147 1146
f 1141 1142 1148
f 1141 1148 1147
f 1142 1143 1149
f 1142 1149 1148
f 1143 1144 1150
f 1143 1150 1149
f 1144 1139 1145
f 1144 1145 1150
f 1151 1140 1139
f 1152 1145 1146
f 1151 1141 1140
f 1152 1146 1147
f 1151 1142 1141
f 1152 1147 1148
f 1151 1143 1142
f 1152 1148 1149
f 1151 1144 1143
f 1152 1149 1150
f 1151 1139 1144
f 1152 1150 1145

o 24_headsail_seam_2
usemtl rigging
v 3.014000 -0.045000 9.154400
v 3.014120 -0.050000 9.145741
v 3.014120 -0.060000 9.145741
v 3.014000 -0.065000 9.154400
v 3.013880 -0.060000 9.163059
v 3.013880 -0.050000 9.163059
v 0.854000 -0.045000 9.124400
v 0.854120 -0.050000 9.115741
v 0.854120 -0.060000 9.115741
v 0.854000 -0.065000 9.124400
v 0.853880 -0.060000 9.133059
v 0.853880 -0.050000 9.133059
v 3.014000 -0.055000 9.154400
v 0.854000 -0.055000 9.124400
f 1153 1154 1160
f 1153 1160 1159
f 1154 1155 1161
f 1154 1161 1160
f 1155 1156 1162
f 1155 1162 1161
f 1156 1157 1163
f 1156 1163 1162
f 1157 1158 1164
f 1157 1164 1163
f 1158 1153 1159
f 1158 1159 1164
f 1165 1154 1153
f 1166 1159 1160
f 1165 1155 1154
f 1166 1160 1161
f 1165 1156 1155
f 1166 1161 1162
f 1165 1157 1156
f 1166 1162 1163
f 1165 1158 1157
f 1166 1163 1164
f 1165 1153 1158
f 1166 1164 1159

o 24_headsail_seam_3
usemtl rigging
v 1.926000 -0.045000 11.669600
v 1.926180 -0.050000 11.660942
v 1.926180 -0.060000 11.660942
v 1.926000 -0.065000 11.669600
v 1.925820 -0.060000 11.678258
v 1.925820 -0.050000 11.678258
v 0.486000 -0.045000 11.639600
v 0.486180 -0.050000 11.630942
v 0.486180 -0.060000 11.630942
v 0.486000 -0.065000 11.639600
v 0.485820 -0.060000 11.648258
v 0.485820 -0.050000 11.648258
v 1.926000 -0.055000 11.669600
v 0.486000 -0.055000 11.639600
f 1167 1168 1174
f 1167 1174 1173
f 1168 1169 1175
f 1168 1175 1174
f 1169 1170 1176
f 1169 1176 1175
f 1170 1171 1177
f 1170 1177 1176
f 1171 1172 1178
f 1171 1178 1177
f 1172 1167 1173
f 1172 1173 1178
f 1179 1168 1167
f 1180 1173 1174
f 1179 1169 1168
f 1180 1174 1175
f 1179 1170 1169
f 1180 1175 1176
f 1179 1171 1170
f 1180 1176 1177
f 1179 1172 1171
f 1180 1177 1178
f 1179 1167 1172
f 1180 1178 1173

o 24_headsail_seam_4
usemtl rigging
v 0.838000 -0.045000 14.184800
v 0.838361 -0.050000 14.176147
v 0.838361 -0.060000 14.176147
v 0.838000 -0.065000 14.184800
v 0.837639 -0.060000 14.193453
v 0.837639 -0.050000 14.193453
v 0.118000 -0.045000 14.154800
v 0.118361 -0.050000 14.146147
v 0.118361 -0.060000 14.146147
v 0.118000 -0.065000 14.154800
v 0.117639 -0.060000 14.163453
v 0.117639 -0.050000 14.163453
v 0.838000 -0.055000 14.184800
v 0.118000 -0.055000 14.154800
f 1181 1182 1188
f 1181 1188 1187
f 1182 1183 1189
f 1182 1189 1188
f 1183 1184 1190
f 1183 1190 1189
f 1184 1185 1191
f 1184 1191 1190
f 1185 1186 1192
f 1185 1192 1191
f 1186 1181 1187
f 1186 1187 1192
f 1193 1182 1181
f 1194 1187 1188
f 1193 1183 1182
f 1194 1188 1189
f 1193 1184 1183
f 1194 1189 1190
f 1193 1185 1184
f 1194 1190 1191
f 1193 1186 1185
f 1194 1191 1192
f 1193 1181 1186
f 1194 1192 1187

o 25_rigging_forestay
usemtl rigging
v -0.250000 -0.012000 18.100000
v -0.259629 -0.006000 18.096091
v -0.259629 0.006000 18.096091
v -0.250000 0.012000 18.100000
v -0.240371 0.006000 18.103909
v -0.240371 -0.006000 18.103909
v 6.700000 -0.012000 0.980000
v 6.690371 -0.006000 0.976091
v 6.690371 0.006000 0.976091
v 6.700000 0.012000 0.980000
v 6.709629 0.006000 0.983909
v 6.709629 -0.006000 0.983909
v -0.250000 0.000000 18.100000
v 6.700000 0.000000 0.980000
f 1195 1196 1202
f 1195 1202 1201
f 1196 1197 1203
f 1196 1203 1202
f 1197 1198 1204
f 1197 1204 1203
f 1198 1199 1205
f 1198 1205 1204
f 1199 1200 1206
f 1199 1206 1205
f 1200 1195 1201
f 1200 1201 1206
f 1207 1196 1195
f 1208 1201 1202
f 1207 1197 1196
f 1208 1202 1203
f 1207 1198 1197
f 1208 1203 1204
f 1207 1199 1198
f 1208 1204 1205
f 1207 1200 1199
f 1208 1205 1206
f 1207 1195 1200
f 1208 1206 1201

o 25_rigging_backstay
usemtl rigging
v -0.250000 0.012000 18.100000
v -0.240273 0.006000 18.096341
v -0.240273 -0.006000 18.096341
v -0.250000 -0.012000 18.100000
v -0.259727 -0.006000 18.103659
v -0.259727 0.006000 18.103659
v -6.750000 0.012000 0.820000
v -6.740273 0.006000 0.816341
v -6.740273 -0.006000 0.816341
v -6.750000 -0.012000 0.820000
v -6.759727 -0.006000 0.823659
v -6.759727 0.006000 0.823659
v -0.250000 0.000000 18.100000
v -6.750000 0.000000 0.820000
f 1209 1210 1216
f 1209 1216 1215
f 1210 1211 1217
f 1210 1217 1216
f 1211 1212 1218
f 1211 1218 1217
f 1212 1213 1219
f 1212 1219 1218
f 1213 1214 1220
f 1213 1220 1219
f 1214 1209 1215
f 1214 1215 1220
f 1221 1210 1209
f 1222 1215 1216
f 1221 1211 1210
f 1222 1216 1217
f 1221 1212 1211
f 1222 1217 1218
f 1221 1213 1212
f 1222 1218 1219
f 1221 1214 1213
f 1222 1219 1220
f 1221 1209 1214
f 1222 1220 1215

o 25_rigging_port_shroud
usemtl rigging
v -0.238013 0.000000 16.799436
v -0.243944 -0.010308 16.801040
v -0.255931 -0.010308 16.801604
v -0.261987 -0.000000 16.800564
v -0.256056 0.010308 16.798960
v -0.244069 0.010308 16.798396
v -0.988013 -2.050000 0.849436
v -0.993944 -2.060308 0.851040
v -1.005931 -2.060308 0.851604
v -1.011987 -2.050000 0.850564
v -1.006056 -2.039692 0.848960
v -0.994069 -2.039692 0.848396
v -0.250000 0.000000 16.800000
v -1.000000 -2.050000 0.850000
f 1223 1224 1230
f 1223 1230 1229
f 1224 1225 1231
f 1224 1231 1230
f 1225 1226 1232
f 1225 1232 1231
f 1226 1227 1233
f 1226 1233 1232
f 1227 1228 1234
f 1227 1234 1233
f 1228 1223 1229
f 1228 1229 1234
f 1235 1224 1223
f 1236 1229 1230
f 1235 1225 1224
f 1236 1230 1231
f 1235 1226 1225
f 1236 1231 1232
f 1235 1227 1226
f 1236 1232 1233
f 1235 1228 1227
f 1236 1233 1234
f 1235 1223 1228
f 1236 1234 1229

o 25_rigging_starboard_shroud
usemtl rigging
v -0.238013 0.000000 16.799436
v -0.244069 -0.010308 16.798396
v -0.256056 -0.010308 16.798960
v -0.261987 -0.000000 16.800564
v -0.255931 0.010308 16.801604
v -0.243944 0.010308 16.801040
v -0.988013 2.050000 0.849436
v -0.994069 2.039692 0.848396
v -1.006056 2.039692 0.848960
v -1.011987 2.050000 0.850564
v -1.005931 2.060308 0.851604
v -0.993944 2.060308 0.851040
v -0.250000 0.000000 16.800000
v -1.000000 2.050000 0.850000
f 1237 1238 1244
f 1237 1244 1243
f 1238 1239 1245
f 1238 1245 1244
f 1239 1240 1246
f 1239 1246 1245
f 1240 1241 1247
f 1240 1247 1246
f 1241 1242 1248
f 1241 1248 1247
f 1242 1237 1243
f 1242 1243 1248
f 1249 1238 1237
f 1250 1243 1244
f 1249 1239 1238
f 1250 1244 1245
f 1249 1240 1239
f 1250 1245 1246
f 1249 1241 1240
f 1250 1246 1247
f 1249 1242 1241
f 1250 1247 1248
f 1249 1237 1242
f 1250 1248 1243

o 25_rigging_port_lower_shroud
usemtl rigging
v -0.238046 0.000000 10.498946
v -0.243837 -0.010173 10.501588
v -0.255790 -0.010173 10.502642
v -0.261954 -0.000000 10.501054
v -0.256163 0.010173 10.498412
v -0.244210 0.010173 10.497358
v -1.088046 -2.020000 0.858946
v -1.093837 -2.030173 0.861588
v -1.105790 -2.030173 0.862642
v -1.111954 -2.020000 0.861054
v -1.106163 -2.009827 0.858412
v -1.094210 -2.009827 0.857358
v -0.250000 0.000000 10.500000
v -1.100000 -2.020000 0.860000
f 1251 1252 1258
f 1251 1258 1257
f 1252 1253 1259
f 1252 1259 1258
f 1253 1254 1260
f 1253 1260 1259
f 1254 1255 1261
f 1254 1261 1260
f 1255 1256 1262
f 1255 1262 1261
f 1256 1251 1257
f 1256 1257 1262
f 1263 1252 1251
f 1264 1257 1258
f 1263 1253 1252
f 1264 1258 1259
f 1263 1254 1253
f 1264 1259 1260
f 1263 1255 1254
f 1264 1260 1261
f 1263 1256 1255
f 1264 1261 1262
f 1263 1251 1256
f 1264 1262 1257

o 25_rigging_starboard_lower_shroud
usemtl rigging
v -0.238046 0.000000 10.498946
v -0.244210 -0.010173 10.497358
v -0.256163 -0.010173 10.498412
v -0.261954 -0.000000 10.501054
v -0.255790 0.010173 10.502642
v -0.243837 0.010173 10.501588
v -1.088046 2.020000 0.858946
v -1.094210 2.009827 0.857358
v -1.106163 2.009827 0.858412
v -1.111954 2.020000 0.861054
v -1.105790 2.030173 0.862642
v -1.093837 2.030173 0.861588
v -0.250000 0.000000 10.500000
v -1.100000 2.020000 0.860000
f 1265 1266 1272
f 1265 1272 1271
f 1266 1267 1273
f 1266 1273 1272
f 1267 1268 1274
f 1267 1274 1273
f 1268 1269 1275
f 1268 1275 1274
f 1269 1270 1276
f 1269 1276 1275
f 1270 1265 1271
f 1270 1271 1276
f 1277 1266 1265
f 1278 1271 1272
f 1277 1267 1266
f 1278 1272 1273
f 1277 1268 1267
f 1278 1273 1274
f 1277 1269 1268
f 1278 1274 1275
f 1277 1270 1269
f 1278 1275 1276
f 1277 1265 1270
f 1278 1276 1271

o 25_rigging_mainsheet_hint
usemtl rigging
v -4.988233 0.000000 2.197647
v -4.994117 -0.010392 2.198823
v -5.005883 -0.010392 2.201177
v -5.011767 -0.000000 2.202353
v -5.005883 0.010392 2.201177
v -4.994117 0.010392 2.198823
v -5.238233 0.000000 0.947647
v -5.244117 -0.010392 0.948823
v -5.255883 -0.010392 0.951177
v -5.261767 -0.000000 0.952353
v -5.255883 0.010392 0.951177
v -5.244117 0.010392 0.948823
v -5.000000 0.000000 2.200000
v -5.250000 0.000000 0.950000
f 1279 1280 1286
f 1279 1286 1285
f 1280 1281 1287
f 1280 1287 1286
f 1281 1282 1288
f 1281 1288 1287
f 1282 1283 1289
f 1282 1289 1288
f 1283 1284 1290
f 1283 1290 1289
f 1284 1279 1285
f 1284 1285 1290
f 1291 1280 1279
f 1292 1285 1286
f 1291 1281 1280
f 1292 1286 1287
f 1291 1282 1281
f 1292 1287 1288
f 1291 1283 1282
f 1292 1288 1289
f 1291 1284 1283
f 1292 1289 1290
f 1291 1279 1284
f 1292 1290 1285

o 26_steering_wheel_stand_-0.95
usemtl metal
v -5.885000 -0.950000 0.850000
v -5.878316 -0.970572 0.850000
v -5.860816 -0.983287 0.850000
v -5.839184 -0.983287 0.850000
v -5.821684 -0.970572 0.850000
v -5.815000 -0.950000 0.850000
v -5.821684 -0.929428 0.850000
v -5.839184 -0.916713 0.850000
v -5.860816 -0.916713 0.850000
v -5.878316 -0.929428 0.850000
v -5.885000 -0.950000 1.250000
v -5.878316 -0.970572 1.250000
v -5.860816 -0.983287 1.250000
v -5.839184 -0.983287 1.250000
v -5.821684 -0.970572 1.250000
v -5.815000 -0.950000 1.250000
v -5.821684 -0.929428 1.250000
v -5.839184 -0.916713 1.250000
v -5.860816 -0.916713 1.250000
v -5.878316 -0.929428 1.250000
v -5.850000 -0.950000 0.850000
v -5.850000 -0.950000 1.250000
f 1293 1294 1304
f 1293 1304 1303
f 1294 1295 1305
f 1294 1305 1304
f 1295 1296 1306
f 1295 1306 1305
f 1296 1297 1307
f 1296 1307 1306
f 1297 1298 1308
f 1297 1308 1307
f 1298 1299 1309
f 1298 1309 1308
f 1299 1300 1310
f 1299 1310 1309
f 1300 1301 1311
f 1300 1311 1310
f 1301 1302 1312
f 1301 1312 1311
f 1302 1293 1303
f 1302 1303 1312
f 1313 1294 1293
f 1314 1303 1304
f 1313 1295 1294
f 1314 1304 1305
f 1313 1296 1295
f 1314 1305 1306
f 1313 1297 1296
f 1314 1306 1307
f 1313 1298 1297
f 1314 1307 1308
f 1313 1299 1298
f 1314 1308 1309
f 1313 1300 1299
f 1314 1309 1310
f 1313 1301 1300
f 1314 1310 1311
f 1313 1302 1301
f 1314 1311 1312
f 1313 1293 1302
f 1314 1312 1303

o 27_wheel_-0.95_0
usemtl black
v -5.862000 -0.930000 1.320000
v -5.853708 -0.941412 1.319838
v -5.840292 -0.937053 1.319900
v -5.840292 -0.922947 1.320100
v -5.853708 -0.918588 1.320162
v -5.862000 -0.931522 1.427151
v -5.853708 -0.942934 1.426989
v -5.840292 -0.938575 1.427051
v -5.840292 -0.924470 1.427252
v -5.853708 -0.920111 1.427313
v -5.850000 -0.930000 1.320000
v -5.850000 -0.931522 1.427151
f 1315 1316 1321
f 1315 1321 1320
f 1316 1317 1322
f 1316 1322 1321
f 1317 1318 1323
f 1317 1323 1322
f 1318 1319 1324
f 1318 1324 1323
f 1319 1315 1320
f 1319 1320 1324
f 1325 1316 1315
f 1326 1320 1321
f 1325 1317 1316
f 1326 1321 1322
f 1325 1318 1317
f 1326 1322 1323
f 1325 1319 1318
f 1326 1323 1324
f 1325 1315 1319
f 1326 1324 1320

o 27_wheel_-0.95_1
usemtl black
v -5.862000 -0.931522 1.427151
v -5.853708 -0.942922 1.426607
v -5.840292 -0.938568 1.426815
v -5.840292 -0.924477 1.427488
v -5.853708 -0.920123 1.427695
v -5.862000 -0.935858 1.517990
v -5.853708 -0.947258 1.517446
v -5.840292 -0.942903 1.517654
v -5.840292 -0.928812 1.518326
v -5.853708 -0.924458 1.518534
v -5.850000 -0.931522 1.427151
v -5.850000 -0.935858 1.517990
f 1327 1328 1333
f 1327 1333 1332
f 1328 1329 1334
f 1328 1334 1333
f 1329 1330 1335
f 1329 1335 1334
f 1330 1331 1336
f 1330 1336 1335
f 1331 1327 1332
f 1331 1332 1336
f 1337 1328 1327
f 1338 1332 1333
f 1337 1329 1328
f 1338 1333 1334
f 1337 1330 1329
f 1338 1334 1335
f 1337 1331 1330
f 1338 1335 1336
f 1337 1327 1331
f 1338 1336 1332

o 27_wheel_-0.95_2
usemtl black
v -5.862000 -0.935858 1.517990
v -5.853708 -0.947206 1.516777
v -5.840292 -0.942871 1.517240
v -5.840292 -0.928844 1.518740
v -5.853708 -0.924510 1.519203
v -5.862000 -0.942346 1.578686
v -5.853708 -0.953694 1.577473
v -5.840292 -0.949360 1.577937
v -5.840292 -0.935333 1.579436
v -5.853708 -0.930998 1.579899
v -5.850000 -0.935858 1.517990
v -5.850000 -0.942346 1.578686
f 1339 1340 1345
f 1339 1345 1344
f 1340 1341 1346
f 1340 1346 1345
f 1341 1342 1347
f 1341 1347 1346
f 1342 1343 1348
f 1342 1348 1347
f 1343 1339 1344
f 1343 1344 1348
f 1349 1340 1339
f 1350 1344 1345
f 1349 1341 1340
f 1350 1345 1346
f 1349 1342 1341
f 1350 1346 1347
f 1349 1343 1342
f 1350 1347 1348
f 1349 1339 1343
f 1350 1348 1344

o 27_wheel_-0.95_3
usemtl black
v -5.862000 -0.942346 1.578686
v -5.853708 -0.953087 1.574829
v -5.840292 -0.948985 1.576302
v -5.840292 -0.935708 1.581070
v -5.853708 -0.931605 1.582543
v -5.862000 -0.950000 1.600000
v -5.853708 -0.960741 1.596143
v -5.840292 -0.956638 1.597616
v -5.840292 -0.943362 1.602384
v -5.853708 -0.939259 1.603857
v -5.850000 -0.942346 1.578686
v -5.850000 -0.950000 1.600000
f 1351 1352 1357
f 1351 1357 1356
f 1352 1353 1358
f 1352 1358 1357
f 1353 1354 1359
f 1353 1359 1358
f 1354 1355 1360
f 1354 1360 1359
f 1355 1351 1356
f 1355 1356 1360
f 1361 1352 1351
f 1362 1356 1357
f 1361 1353 1352
f 1362 1357 1358
f 1361 1354 1353
f 1362 1358 1359
f 1361 1355 1354
f 1362 1359 1360
f 1361 1351 1355
f 1362 1360 1356

o 27_wheel_-0.95_4
usemtl black
v -5.862000 -0.950000 1.600000
v -5.853708 -0.939259 1.596143
v -5.840292 -0.943362 1.597616
v -5.840292 -0.956638 1.602384
v -5.853708 -0.960741 1.603857
v -5.862000 -0.957654 1.578686
v -5.853708 -0.946913 1.574829
v -5.840292 -0.951015 1.576302
v -5.840292 -0.964292 1.581070
v -5.853708 -0.968395 1.582543
v -5.850000 -0.950000 1.600000
v -5.850000 -0.957654 1.578686
f 1363 1364 1369
f 1363 1369 1368
f 1364 1365 1370
f 1364 1370 1369
f 1365 1366 1371
f 1365 1371 1370
f 1366 1367 1372
f 1366 1372 1371
f 1367 1363 1368
f 1367 1368 1372
f 1373 1364 1363
f 1374 1368 1369
f 1373 1365 1364
f 1374 1369 1370
f 1373 1366 1365
f 1374 1370 1371
f 1373 1367 1366
f 1374 1371 1372
f 1373 1363 1367
f 1374 1372 1368

o 27_wheel_-0.95_5
usemtl black
v -5.838000 -0.957654 1.578686
v -5.846292 -0.969002 1.579899
v -5.859708 -0.964667 1.579436
v -5.859708 -0.950640 1.577937
v -5.846292 -0.946306 1.577473
v -5.838000 -0.964142 1.517990
v -5.846292 -0.975490 1.519203
v -5.859708 -0.971156 1.518740
v -5.859708 -0.957129 1.517240
v -5.846292 -0.952794 1.516777
v -5.850000 -0.957654 1.578686
v -5.850000 -0.964142 1.517990
f 1375 1376 1381
f 1375 1381 1380
f 1376 1377 1382
f 1376 1382 1381
f 1377 1378 1383
f 1377 1383 1382
f 1378 1379 1384
f 1378 1384 1383
f 1379 1375 1380
f 1379 1380 1384
f 1385 1376 1375
f 1386 1380 1381
f 1385 1377 1376
f 1386 1381 1382
f 1385 1378 1377
f 1386 1382 1383
f 1385 1379 1378
f 1386 1383 1384
f 1385 1375 1379
f 1386 1384 1380

o 27_wheel_-0.95_6
usemtl black
v -5.838000 -0.964142 1.517990
v -5.846292 -0.975542 1.518534
v -5.859708 -0.971188 1.518326
v -5.859708 -0.957097 1.517654
v -5.846292 -0.952742 1.517446
v -5.838000 -0.968478 1.427151
v -5.846292 -0.979877 1.427695
v -5.859708 -0.975523 1.427488
v -5.859708 -0.961432 1.426815
v -5.846292 -0.957078 1.426607
v -5.850000 -0.964142 1.517990
v -5.850000 -0.968478 1.427151
f 1387 1388 1393
f 1387 1393 1392
f 1388 1389 1394
f 1388 1394 1393
f 1389 1390 1395
f 1389 1395 1394
f 1390 1391 1396
f 1390 1396 1395
f 1391 1387 1392
f 1391 1392 1396
f 1397 1388 1387
f 1398 1392 1393
f 1397 1389 1388
f 1398 1393 1394
f 1397 1390 1389
f 1398 1394 1395
f 1397 1391 1390
f 1398 1395 1396
f 1397 1387 1391
f 1398 1396 1392

o 27_wheel_-0.95_7
usemtl black
v -5.838000 -0.968478 1.427151
v -5.846292 -0.979889 1.427313
v -5.859708 -0.975530 1.427252
v -5.859708 -0.961425 1.427051
v -5.846292 -0.957066 1.426989
v -5.838000 -0.970000 1.320000
v -5.846292 -0.981412 1.320162
v -5.859708 -0.977053 1.320100
v -5.859708 -0.962947 1.319900
v -5.846292 -0.958588 1.319838
v -5.850000 -0.968478 1.427151
v -5.850000 -0.970000 1.320000
f 1399 1400 1405
f 1399 1405 1404
f 1400 1401 1406
f 1400 1406 1405
f 1401 1402 1407
f 1401 1407 1406
f 1402 1403 1408
f 1402 1408 1407
f 1403 1399 1404
f 1403 1404 1408
f 1409 1400 1399
f 1410 1404 1405
f 1409 1401 1400
f 1410 1405 1406
f 1409 1402 1401
f 1410 1406 1407
f 1409 1403 1402
f 1410 1407 1408
f 1409 1399 1403
f 1410 1408 1404

o 27_wheel_-0.95_8
usemtl black
v -5.838000 -0.970000 1.320000
v -5.846292 -0.981412 1.319838
v -5.859708 -0.977053 1.319900
v -5.859708 -0.962947 1.320100
v -5.846292 -0.958588 1.320162
v -5.838000 -0.968478 1.212849
v -5.846292 -0.979889 1.212687
v -5.859708 -0.975530 1.212748
v -5.859708 -0.961425 1.212949
v -5.846292 -0.957066 1.213011
v -5.850000 -0.970000 1.320000
v -5.850000 -0.968478 1.212849
f 1411 1412 1417
f 1411 1417 1416
f 1412 1413 1418
f 1412 1418 1417
f 1413 1414 1419
f 1413 1419 1418
f 1414 1415 1420
f 1414 1420 1419
f 1415 1411 1416
f 1415 1416 1420
f 1421 1412 1411
f 1422 1416 1417
f 1421 1413 1412
f 1422 1417 1418
f 1421 1414 1413
f 1422 1418 1419
f 1421 1415 1414
f 1422 1419 1420
f 1421 1411 1415
f 1422 1420 1416

o 27_wheel_-0.95_9
usemtl black
v -5.838000 -0.968478 1.212849
v -5.846292 -0.979877 1.212305
v -5.859708 -0.975523 1.212512
v -5.859708 -0.961432 1.213185
v -5.846292 -0.957078 1.213393
v -5.838000 -0.964142 1.122010
v -5.846292 -0.975542 1.121466
v -5.859708 -0.971188 1.121674
v -5.859708 -0.957097 1.122346
v -5.846292 -0.952742 1.122554
v -5.850000 -0.968478 1.212849
v -5.850000 -0.964142 1.122010
f 1423 1424 1429
f 1423 1429 1428
f 1424 1425 1430
f 1424 1430 1429
f 1425 1426 1431
f 1425 1431 1430
f 1426 1427 1432
f 1426 1432 1431
f 1427 1423 1428
f 1427 1428 1432
f 1433 1424 1423
f 1434 1428 1429
f 1433 1425 1424
f 1434 1429 1430
f 1433 1426 1425
f 1434 1430 1431
f 1433 1427 1426
f 1434 1431 1432
f 1433 1423 1427
f 1434 1432 1428

o 27_wheel_-0.95_10
usemtl black
v -5.838000 -0.964142 1.122010
v -5.846292 -0.975490 1.120797
v -5.859708 -0.971156 1.121260
v -5.859708 -0.957129 1.122760
v -5.846292 -0.952794 1.123223
v -5.838000 -0.957654 1.061314
v -5.846292 -0.969002 1.060101
v -5.859708 -0.964667 1.060564
v -5.859708 -0.950640 1.062063
v -5.846292 -0.946306 1.062527
v -5.850000 -0.964142 1.122010
v -5.850000 -0.957654 1.061314
f 1435 1436 1441
f 1435 1441 1440
f 1436 1437 1442
f 1436 1442 1441
f 1437 1438 1443
f 1437 1443 1442
f 1438 1439 1444
f 1438 1444 1443
f 1439 1435 1440
f 1439 1440 1444
f 1445 1436 1435
f 1446 1440 1441
f 1445 1437 1436
f 1446 1441 1442
f 1445 1438 1437
f 1446 1442 1443
f 1445 1439 1438
f 1446 1443 1444
f 1445 1435 1439
f 1446 1444 1440

o 27_wheel_-0.95_11
usemtl black
v -5.838000 -0.957654 1.061314
v -5.846292 -0.968395 1.057457
v -5.859708 -0.964292 1.058930
v -5.859708 -0.951015 1.063698
v -5.846292 -0.946913 1.065171
v -5.838000 -0.950000 1.040000
v -5.846292 -0.960741 1.036143
v -5.859708 -0.956638 1.037616
v -5.859708 -0.943362 1.042384
v -5.846292 -0.939259 1.043857
v -5.850000 -0.957654 1.061314
v -5.850000 -0.950000 1.040000
f 1447 1448 1453
f 1447 1453 1452
f 1448 1449 1454
f 1448 1454 1453
f 1449 1450 1455
f 1449 1455 1454
f 1450 1451 1456
f 1450 1456 1455
f 1451 1447 1452
f 1451 1452 1456
f 1457 1448 1447
f 1458 1452 1453
f 1457 1449 1448
f 1458 1453 1454
f 1457 1450 1449
f 1458 1454 1455
f 1457 1451 1450
f 1458 1455 1456
f 1457 1447 1451
f 1458 1456 1452

o 27_wheel_-0.95_12
usemtl black
v -5.838000 -0.950000 1.040000
v -5.846292 -0.939259 1.036143
v -5.859708 -0.943362 1.037616
v -5.859708 -0.956638 1.042384
v -5.846292 -0.960741 1.043857
v -5.838000 -0.942346 1.061314
v -5.846292 -0.931605 1.057457
v -5.859708 -0.935708 1.058930
v -5.859708 -0.948985 1.063698
v -5.846292 -0.953087 1.065171
v -5.850000 -0.950000 1.040000
v -5.850000 -0.942346 1.061314
f 1459 1460 1465
f 1459 1465 1464
f 1460 1461 1466
f 1460 1466 1465
f 1461 1462 1467
f 1461 1467 1466
f 1462 1463 1468
f 1462 1468 1467
f 1463 1459 1464
f 1463 1464 1468
f 1469 1460 1459
f 1470 1464 1465
f 1469 1461 1460
f 1470 1465 1466
f 1469 1462 1461
f 1470 1466 1467
f 1469 1463 1462
f 1470 1467 1468
f 1469 1459 1463
f 1470 1468 1464

o 27_wheel_-0.95_13
usemtl black
v -5.862000 -0.942346 1.061314
v -5.853708 -0.953694 1.062527
v -5.840292 -0.949360 1.062063
v -5.840292 -0.935333 1.060564
v -5.853708 -0.930998 1.060101
v -5.862000 -0.935858 1.122010
v -5.853708 -0.947206 1.123223
v -5.840292 -0.942871 1.122760
v -5.840292 -0.928844 1.121260
v -5.853708 -0.924510 1.120797
v -5.850000 -0.942346 1.061314
v -5.850000 -0.935858 1.122010
f 1471 1472 1477
f 1471 1477 1476
f 1472 1473 1478
f 1472 1478 1477
f 1473 1474 1479
f 1473 1479 1478
f 1474 1475 1480
f 1474 1480 1479
f 1475 1471 1476
f 1475 1476 1480
f 1481 1472 1471
f 1482 1476 1477
f 1481 1473 1472
f 1482 1477 1478
f 1481 1474 1473
f 1482 1478 1479
f 1481 1475 1474
f 1482 1479 1480
f 1481 1471 1475
f 1482 1480 1476

o 27_wheel_-0.95_14
usemtl black
v -5.862000 -0.935858 1.122010
v -5.853708 -0.947258 1.122554
v -5.840292 -0.942903 1.122346
v -5.840292 -0.928812 1.121674
v -5.853708 -0.924458 1.121466
v -5.862000 -0.931522 1.212849
v -5.853708 -0.942922 1.213393
v -5.840292 -0.938568 1.213185
v -5.840292 -0.924477 1.212512
v -5.853708 -0.920123 1.212305
v -5.850000 -0.935858 1.122010
v -5.850000 -0.931522 1.212849
f 1483 1484 1489
f 1483 1489 1488
f 1484 1485 1490
f 1484 1490 1489
f 1485 1486 1491
f 1485 1491 1490
f 1486 1487 1492
f 1486 1492 1491
f 1487 1483 1488
f 1487 1488 1492
f 1493 1484 1483
f 1494 1488 1489
f 1493 1485 1484
f 1494 1489 1490
f 1493 1486 1485
f 1494 1490 1491
f 1493 1487 1486
f 1494 1491 1492
f 1493 1483 1487
f 1494 1492 1488

o 27_wheel_-0.95_15
usemtl black
v -5.862000 -0.931522 1.212849
v -5.853708 -0.942934 1.213011
v -5.840292 -0.938575 1.212949
v -5.840292 -0.924470 1.212748
v -5.853708 -0.920111 1.212687
v -5.862000 -0.930000 1.320000
v -5.853708 -0.941412 1.320162
v -5.840292 -0.937053 1.320100
v -5.840292 -0.922947 1.319900
v -5.853708 -0.918588 1.319838
v -5.850000 -0.931522 1.212849
v -5.850000 -0.930000 1.320000
f 1495 1496 1501
f 1495 1501 1500
f 1496 1497 1502
f 1496 1502 1501
f 1497 1498 1503
f 1497 1503 1502
f 1498 1499 1504
f 1498 1504 1503
f 1499 1495 1500
f 1499 1500 1504
f 1505 1496 1495
f 1506 1500 1501
f 1505 1497 1496
f 1506 1501 1502
f 1505 1498 1497
f 1506 1502 1503
f 1505 1499 1498
f 1506 1503 1504
f 1505 1495 1499
f 1506 1504 1500

o 26_steering_wheel_stand_0.95
usemtl metal
v -5.885000 0.950000 0.850000
v -5.878316 0.929428 0.850000
v -5.860816 0.916713 0.850000
v -5.839184 0.916713 0.850000
v -5.821684 0.929428 0.850000
v -5.815000 0.950000 0.850000
v -5.821684 0.970572 0.850000
v -5.839184 0.983287 0.850000
v -5.860816 0.983287 0.850000
v -5.878316 0.970572 0.850000
v -5.885000 0.950000 1.250000
v -5.878316 0.929428 1.250000
v -5.860816 0.916713 1.250000
v -5.839184 0.916713 1.250000
v -5.821684 0.929428 1.250000
v -5.815000 0.950000 1.250000
v -5.821684 0.970572 1.250000
v -5.839184 0.983287 1.250000
v -5.860816 0.983287 1.250000
v -5.878316 0.970572 1.250000
v -5.850000 0.950000 0.850000
v -5.850000 0.950000 1.250000
f 1507 1508 1518
f 1507 1518 1517
f 1508 1509 1519
f 1508 1519 1518
f 1509 1510 1520
f 1509 1520 1519
f 1510 1511 1521
f 1510 1521 1520
f 1511 1512 1522
f 1511 1522 1521
f 1512 1513 1523
f 1512 1523 1522
f 1513 1514 1524
f 1513 1524 1523
f 1514 1515 1525
f 1514 1525 1524
f 1515 1516 1526
f 1515 1526 1525
f 1516 1507 1517
f 1516 1517 1526
f 1527 1508 1507
f 1528 1517 1518
f 1527 1509 1508
f 1528 1518 1519
f 1527 1510 1509
f 1528 1519 1520
f 1527 1511 1510
f 1528 1520 1521
f 1527 1512 1511
f 1528 1521 1522
f 1527 1513 1512
f 1528 1522 1523
f 1527 1514 1513
f 1528 1523 1524
f 1527 1515 1514
f 1528 1524 1525
f 1527 1516 1515
f 1528 1525 1526
f 1527 1507 1516
f 1528 1526 1517

o 27_wheel_0.95_0
usemtl black
v -5.862000 0.970000 1.320000
v -5.853708 0.958588 1.319838
v -5.840292 0.962947 1.319900
v -5.840292 0.977053 1.320100
v -5.853708 0.981412 1.320162
v -5.862000 0.968478 1.427151
v -5.853708 0.957066 1.426989
v -5.840292 0.961425 1.427051
v -5.840292 0.975530 1.427252
v -5.853708 0.979889 1.427313
v -5.850000 0.970000 1.320000
v -5.850000 0.968478 1.427151
f 1529 1530 1535
f 1529 1535 1534
f 1530 1531 1536
f 1530 1536 1535
f 1531 1532 1537
f 1531 1537 1536
f 1532 1533 1538
f 1532 1538 1537
f 1533 1529 1534
f 1533 1534 1538
f 1539 1530 1529
f 1540 1534 1535
f 1539 1531 1530
f 1540 1535 1536
f 1539 1532 1531
f 1540 1536 1537
f 1539 1533 1532
f 1540 1537 1538
f 1539 1529 1533
f 1540 1538 1534

o 27_wheel_0.95_1
usemtl black
v -5.862000 0.968478 1.427151
v -5.853708 0.957078 1.426607
v -5.840292 0.961432 1.426815
v -5.840292 0.975523 1.427488
v -5.853708 0.979877 1.427695
v -5.862000 0.964142 1.517990
v -5.853708 0.952742 1.517446
v -5.840292 0.957097 1.517654
v -5.840292 0.971188 1.518326
v -5.853708 0.975542 1.518534
v -5.850000 0.968478 1.427151
v -5.850000 0.964142 1.517990
f 1541 1542 1547
f 1541 1547 1546
f 1542 1543 1548
f 1542 1548 1547
f 1543 1544 1549
f 1543 1549 1548
f 1544 1545 1550
f 1544 1550 1549
f 1545 1541 1546
f 1545 1546 1550
f 1551 1542 1541
f 1552 1546 1547
f 1551 1543 1542
f 1552 1547 1548
f 1551 1544 1543
f 1552 1548 1549
f 1551 1545 1544
f 1552 1549 1550
f 1551 1541 1545
f 1552 1550 1546

o 27_wheel_0.95_2
usemtl black
v -5.862000 0.964142 1.517990
v -5.853708 0.952794 1.516777
v -5.840292 0.957129 1.517240
v -5.840292 0.971156 1.518740
v -5.853708 0.975490 1.519203
v -5.862000 0.957654 1.578686
v -5.853708 0.946306 1.577473
v -5.840292 0.950640 1.577937
v -5.840292 0.964667 1.579436
v -5.853708 0.969002 1.579899
v -5.850000 0.964142 1.517990
v -5.850000 0.957654 1.578686
f 1553 1554 1559
f 1553 1559 1558
f 1554 1555 1560
f 1554 1560 1559
f 1555 1556 1561
f 1555 1561 1560
f 1556 1557 1562
f 1556 1562 1561
f 1557 1553 1558
f 1557 1558 1562
f 1563 1554 1553
f 1564 1558 1559
f 1563 1555 1554
f 1564 1559 1560
f 1563 1556 1555
f 1564 1560 1561
f 1563 1557 1556
f 1564 1561 1562
f 1563 1553 1557
f 1564 1562 1558

o 27_wheel_0.95_3
usemtl black
v -5.862000 0.957654 1.578686
v -5.853708 0.946913 1.574829
v -5.840292 0.951015 1.576302
v -5.840292 0.964292 1.581070
v -5.853708 0.968395 1.582543
v -5.862000 0.950000 1.600000
v -5.853708 0.939259 1.596143
v -5.840292 0.943362 1.597616
v -5.840292 0.956638 1.602384
v -5.853708 0.960741 1.603857
v -5.850000 0.957654 1.578686
v -5.850000 0.950000 1.600000
f 1565 1566 1571
f 1565 1571 1570
f 1566 1567 1572
f 1566 1572 1571
f 1567 1568 1573
f 1567 1573 1572
f 1568 1569 1574
f 1568 1574 1573
f 1569 1565 1570
f 1569 1570 1574
f 1575 1566 1565
f 1576 1570 1571
f 1575 1567 1566
f 1576 1571 1572
f 1575 1568 1567
f 1576 1572 1573
f 1575 1569 1568
f 1576 1573 1574
f 1575 1565 1569
f 1576 1574 1570

o 27_wheel_0.95_4
usemtl black
v -5.862000 0.950000 1.600000
v -5.853708 0.960741 1.596143
v -5.840292 0.956638 1.597616
v -5.840292 0.943362 1.602384
v -5.853708 0.939259 1.603857
v -5.862000 0.942346 1.578686
v -5.853708 0.953087 1.574829
v -5.840292 0.948985 1.576302
v -5.840292 0.935708 1.581070
v -5.853708 0.931605 1.582543
v -5.850000 0.950000 1.600000
v -5.850000 0.942346 1.578686
f 1577 1578 1583
f 1577 1583 1582
f 1578 1579 1584
f 1578 1584 1583
f 1579 1580 1585
f 1579 1585 1584
f 1580 1581 1586
f 1580 1586 1585
f 1581 1577 1582
f 1581 1582 1586
f 1587 1578 1577
f 1588 1582 1583
f 1587 1579 1578
f 1588 1583 1584
f 1587 1580 1579
f 1588 1584 1585
f 1587 1581 1580
f 1588 1585 1586
f 1587 1577 1581
f 1588 1586 1582

o 27_wheel_0.95_5
usemtl black
v -5.838000 0.942346 1.578686
v -5.846292 0.930998 1.579899
v -5.859708 0.935333 1.579436
v -5.859708 0.949360 1.577937
v -5.846292 0.953694 1.577473
v -5.838000 0.935858 1.517990
v -5.846292 0.924510 1.519203
v -5.859708 0.928844 1.518740
v -5.859708 0.942871 1.517240
v -5.846292 0.947206 1.516777
v -5.850000 0.942346 1.578686
v -5.850000 0.935858 1.517990
f 1589 1590 1595
f 1589 1595 1594
f 1590 1591 1596
f 1590 1596 1595
f 1591 1592 1597
f 1591 1597 1596
f 1592 1593 1598
f 1592 1598 1597
f 1593 1589 1594
f 1593 1594 1598
f 1599 1590 1589
f 1600 1594 1595
f 1599 1591 1590
f 1600 1595 1596
f 1599 1592 1591
f 1600 1596 1597
f 1599 1593 1592
f 1600 1597 1598
f 1599 1589 1593
f 1600 1598 1594

o 27_wheel_0.95_6
usemtl black
v -5.838000 0.935858 1.517990
v -5.846292 0.924458 1.518534
v -5.859708 0.928812 1.518326
v -5.859708 0.942903 1.517654
v -5.846292 0.947258 1.517446
v -5.838000 0.931522 1.427151
v -5.846292 0.920123 1.427695
v -5.859708 0.924477 1.427488
v -5.859708 0.938568 1.426815
v -5.846292 0.942922 1.426607
v -5.850000 0.935858 1.517990
v -5.850000 0.931522 1.427151
f 1601 1602 1607
f 1601 1607 1606
f 1602 1603 1608
f 1602 1608 1607
f 1603 1604 1609
f 1603 1609 1608
f 1604 1605 1610
f 1604 1610 1609
f 1605 1601 1606
f 1605 1606 1610
f 1611 1602 1601
f 1612 1606 1607
f 1611 1603 1602
f 1612 1607 1608
f 1611 1604 1603
f 1612 1608 1609
f 1611 1605 1604
f 1612 1609 1610
f 1611 1601 1605
f 1612 1610 1606

o 27_wheel_0.95_7
usemtl black
v -5.838000 0.931522 1.427151
v -5.846292 0.920111 1.427313
v -5.859708 0.924470 1.427252
v -5.859708 0.938575 1.427051
v -5.846292 0.942934 1.426989
v -5.838000 0.930000 1.320000
v -5.846292 0.918588 1.320162
v -5.859708 0.922947 1.320100
v -5.859708 0.937053 1.319900
v -5.846292 0.941412 1.319838
v -5.850000 0.931522 1.427151
v -5.850000 0.930000 1.320000
f 1613 1614 1619
f 1613 1619 1618
f 1614 1615 1620
f 1614 1620 1619
f 1615 1616 1621
f 1615 1621 1620
f 1616 1617 1622
f 1616 1622 1621
f 1617 1613 1618
f 1617 1618 1622
f 1623 1614 1613
f 1624 1618 1619
f 1623 1615 1614
f 1624 1619 1620
f 1623 1616 1615
f 1624 1620 1621
f 1623 1617 1616
f 1624 1621 1622
f 1623 1613 1617
f 1624 1622 1618

o 27_wheel_0.95_8
usemtl black
v -5.838000 0.930000 1.320000
v -5.846292 0.918588 1.319838
v -5.859708 0.922947 1.319900
v -5.859708 0.937053 1.320100
v -5.846292 0.941412 1.320162
v -5.838000 0.931522 1.212849
v -5.846292 0.920111 1.212687
v -5.859708 0.924470 1.212748
v -5.859708 0.938575 1.212949
v -5.846292 0.942934 1.213011
v -5.850000 0.930000 1.320000
v -5.850000 0.931522 1.212849
f 1625 1626 1631
f 1625 1631 1630
f 1626 1627 1632
f 1626 1632 1631
f 1627 1628 1633
f 1627 1633 1632
f 1628 1629 1634
f 1628 1634 1633
f 1629 1625 1630
f 1629 1630 1634
f 1635 1626 1625
f 1636 1630 1631
f 1635 1627 1626
f 1636 1631 1632
f 1635 1628 1627
f 1636 1632 1633
f 1635 1629 1628
f 1636 1633 1634
f 1635 1625 1629
f 1636 1634 1630

o 27_wheel_0.95_9
usemtl black
v -5.838000 0.931522 1.212849
v -5.846292 0.920123 1.212305
v -5.859708 0.924477 1.212512
v -5.859708 0.938568 1.213185
v -5.846292 0.942922 1.213393
v -5.838000 0.935858 1.122010
v -5.846292 0.924458 1.121466
v -5.859708 0.928812 1.121674
v -5.859708 0.942903 1.122346
v -5.846292 0.947258 1.122554
v -5.850000 0.931522 1.212849
v -5.850000 0.935858 1.122010
f 1637 1638 1643
f 1637 1643 1642
f 1638 1639 1644
f 1638 1644 1643
f 1639 1640 1645
f 1639 1645 1644
f 1640 1641 1646
f 1640 1646 1645
f 1641 1637 1642
f 1641 1642 1646
f 1647 1638 1637
f 1648 1642 1643
f 1647 1639 1638
f 1648 1643 1644
f 1647 1640 1639
f 1648 1644 1645
f 1647 1641 1640
f 1648 1645 1646
f 1647 1637 1641
f 1648 1646 1642

o 27_wheel_0.95_10
usemtl black
v -5.838000 0.935858 1.122010
v -5.846292 0.924510 1.120797
v -5.859708 0.928844 1.121260
v -5.859708 0.942871 1.122760
v -5.846292 0.947206 1.123223
v -5.838000 0.942346 1.061314
v -5.846292 0.930998 1.060101
v -5.859708 0.935333 1.060564
v -5.859708 0.949360 1.062063
v -5.846292 0.953694 1.062527
v -5.850000 0.935858 1.122010
v -5.850000 0.942346 1.061314
f 1649 1650 1655
f 1649 1655 1654
f 1650 1651 1656
f 1650 1656 1655
f 1651 1652 1657
f 1651 1657 1656
f 1652 1653 1658
f 1652 1658 1657
f 1653 1649 1654
f 1653 1654 1658
f 1659 1650 1649
f 1660 1654 1655
f 1659 1651 1650
f 1660 1655 1656
f 1659 1652 1651
f 1660 1656 1657
f 1659 1653 1652
f 1660 1657 1658
f 1659 1649 1653
f 1660 1658 1654

o 27_wheel_0.95_11
usemtl black
v -5.838000 0.942346 1.061314
v -5.846292 0.931605 1.057457
v -5.859708 0.935708 1.058930
v -5.859708 0.948985 1.063698
v -5.846292 0.953087 1.065171
v -5.838000 0.950000 1.040000
v -5.846292 0.939259 1.036143
v -5.859708 0.943362 1.037616
v -5.859708 0.956638 1.042384
v -5.846292 0.960741 1.043857
v -5.850000 0.942346 1.061314
v -5.850000 0.950000 1.040000
f 1661 1662 1667
f 1661 1667 1666
f 1662 1663 1668
f 1662 1668 1667
f 1663 1664 1669
f 1663 1669 1668
f 1664 1665 1670
f 1664 1670 1669
f 1665 1661 1666
f 1665 1666 1670
f 1671 1662 1661
f 1672 1666 1667
f 1671 1663 1662
f 1672 1667 1668
f 1671 1664 1663
f 1672 1668 1669
f 1671 1665 1664
f 1672 1669 1670
f 1671 1661 1665
f 1672 1670 1666

o 27_wheel_0.95_12
usemtl black
v -5.838000 0.950000 1.040000
v -5.846292 0.960741 1.036143
v -5.859708 0.956638 1.037616
v -5.859708 0.943362 1.042384
v -5.846292 0.939259 1.043857
v -5.838000 0.957654 1.061314
v -5.846292 0.968395 1.057457
v -5.859708 0.964292 1.058930
v -5.859708 0.951015 1.063698
v -5.846292 0.946913 1.065171
v -5.850000 0.950000 1.040000
v -5.850000 0.957654 1.061314
f 1673 1674 1679
f 1673 1679 1678
f 1674 1675 1680
f 1674 1680 1679
f 1675 1676 1681
f 1675 1681 1680
f 1676 1677 1682
f 1676 1682 1681
f 1677 1673 1678
f 1677 1678 1682
f 1683 1674 1673
f 1684 1678 1679
f 1683 1675 1674
f 1684 1679 1680
f 1683 1676 1675
f 1684 1680 1681
f 1683 1677 1676
f 1684 1681 1682
f 1683 1673 1677
f 1684 1682 1678

o 27_wheel_0.95_13
usemtl black
v -5.862000 0.957654 1.061314
v -5.853708 0.946306 1.062527
v -5.840292 0.950640 1.062063
v -5.840292 0.964667 1.060564
v -5.853708 0.969002 1.060101
v -5.862000 0.964142 1.122010
v -5.853708 0.952794 1.123223
v -5.840292 0.957129 1.122760
v -5.840292 0.971156 1.121260
v -5.853708 0.975490 1.120797
v -5.850000 0.957654 1.061314
v -5.850000 0.964142 1.122010
f 1685 1686 1691
f 1685 1691 1690
f 1686 1687 1692
f 1686 1692 1691
f 1687 1688 1693
f 1687 1693 1692
f 1688 1689 1694
f 1688 1694 1693
f 1689 1685 1690
f 1689 1690 1694
f 1695 1686 1685
f 1696 1690 1691
f 1695 1687 1686
f 1696 1691 1692
f 1695 1688 1687
f 1696 1692 1693
f 1695 1689 1688
f 1696 1693 1694
f 1695 1685 1689
f 1696 1694 1690

o 27_wheel_0.95_14
usemtl black
v -5.862000 0.964142 1.122010
v -5.853708 0.952742 1.122554
v -5.840292 0.957097 1.122346
v -5.840292 0.971188 1.121674
v -5.853708 0.975542 1.121466
v -5.862000 0.968478 1.212849
v -5.853708 0.957078 1.213393
v -5.840292 0.961432 1.213185
v -5.840292 0.975523 1.212512
v -5.853708 0.979877 1.212305
v -5.850000 0.964142 1.122010
v -5.850000 0.968478 1.212849
f 1697 1698 1703
f 1697 1703 1702
f 1698 1699 1704
f 1698 1704 1703
f 1699 1700 1705
f 1699 1705 1704
f 1700 1701 1706
f 1700 1706 1705
f 1701 1697 1702
f 1701 1702 1706
f 1707 1698 1697
f 1708 1702 1703
f 1707 1699 1698
f 1708 1703 1704
f 1707 1700 1699
f 1708 1704 1705
f 1707 1701 1700
f 1708 1705 1706
f 1707 1697 1701
f 1708 1706 1702

o 27_wheel_0.95_15
usemtl black
v -5.862000 0.968478 1.212849
v -5.853708 0.957066 1.213011
v -5.840292 0.961425 1.212949
v -5.840292 0.975530 1.212748
v -5.853708 0.979889 1.212687
v -5.862000 0.970000 1.320000
v -5.853708 0.958588 1.320162
v -5.840292 0.962947 1.320100
v -5.840292 0.977053 1.319900
v -5.853708 0.981412 1.319838
v -5.850000 0.968478 1.212849
v -5.850000 0.970000 1.320000
f 1709 1710 1715
f 1709 1715 1714
f 1710 1711 1716
f 1710 1716 1715
f 1711 1712 1717
f 1711 1717 1716
f 1712 1713 1718
f 1712 1718 1717
f 1713 1709 1714
f 1713 1714 1718
f 1719 1710 1709
f 1720 1714 1715
f 1719 1711 1710
f 1720 1715 1716
f 1719 1712 1711
f 1720 1716 1717
f 1719 1713 1712
f 1720 1717 1718
f 1719 1709 1713
f 1720 1718 1714

o 28_lifeline_port_upper
usemtl metal
v -6.600000 -2.092000 1.150000
v -6.599976 -2.086000 1.139608
v -6.599976 -2.074000 1.139608
v -6.600000 -2.068000 1.150000
v -6.600024 -2.074000 1.160392
v -6.600024 -2.086000 1.160392
v 6.550000 -2.092000 1.180000
v 6.550024 -2.086000 1.169608
v 6.550024 -2.074000 1.169608
v 6.550000 -2.068000 1.180000
v 6.549976 -2.074000 1.190392
v 6.549976 -2.086000 1.190392
v -6.600000 -2.080000 1.150000
v 6.550000 -2.080000 1.180000
f 1721 1722 1728
f 1721 1728 1727
f 1722 1723 1729
f 1722 1729 1728
f 1723 1724 1730
f 1723 1730 1729
f 1724 1725 1731
f 1724 1731 1730
f 1725 1726 1732
f 1725 1732 1731
f 1726 1721 1727
f 1726 1727 1732
f 1733 1722 1721
f 1734 1727 1728
f 1733 1723 1722
f 1734 1728 1729
f 1733 1724 1723
f 1734 1729 1730
f 1733 1725 1724
f 1734 1730 1731
f 1733 1726 1725
f 1734 1731 1732
f 1733 1721 1726
f 1734 1732 1727

o 29_lifeline_port_lower
usemtl metal
v -6.500000 -2.090000 0.980000
v -6.499980 -2.085000 0.971340
v -6.499980 -2.075000 0.971340
v -6.500000 -2.070000 0.980000
v -6.500020 -2.075000 0.988660
v -6.500020 -2.085000 0.988660
v 6.450000 -2.090000 1.010000
v 6.450020 -2.085000 1.001340
v 6.450020 -2.075000 1.001340
v 6.450000 -2.070000 1.010000
v 6.449980 -2.075000 1.018660
v 6.449980 -2.085000 1.018660
v -6.500000 -2.080000 0.980000
v 6.450000 -2.080000 1.010000
f 1735 1736 1742
f 1735 1742 1741
f 1736 1737 1743
f 1736 1743 1742
f 1737 1738 1744
f 1737 1744 1743
f 1738 1739 1745
f 1738 1745 1744
f 1739 1740 1746
f 1739 1746 1745
f 1740 1735 1741
f 1740 1741 1746
f 1747 1736 1735
f 1748 1741 1742
f 1747 1737 1736
f 1748 1742 1743
f 1747 1738 1737
f 1748 1743 1744
f 1747 1739 1738
f 1748 1744 1745
f 1747 1740 1739
f 1748 1745 1746
f 1747 1735 1740
f 1748 1746 1741

o 28_lifeline_starboard_upper
usemtl metal
v -6.600000 2.068000 1.150000
v -6.599976 2.074000 1.139608
v -6.599976 2.086000 1.139608
v -6.600000 2.092000 1.150000
v -6.600024 2.086000 1.160392
v -6.600024 2.074000 1.160392
v 6.550000 2.068000 1.180000
v 6.550024 2.074000 1.169608
v 6.550024 2.086000 1.169608
v 6.550000 2.092000 1.180000
v 6.549976 2.086000 1.190392
v 6.549976 2.074000 1.190392
v -6.600000 2.080000 1.150000
v 6.550000 2.080000 1.180000
f 1749 1750 1756
f 1749 1756 1755
f 1750 1751 1757
f 1750 1757 1756
f 1751 1752 1758
f 1751 1758 1757
f 1752 1753 1759
f 1752 1759 1758
f 1753 1754 1760
f 1753 1760 1759
f 1754 1749 1755
f 1754 1755 1760
f 1761 1750 1749
f 1762 1755 1756
f 1761 1751 1750
f 1762 1756 1757
f 1761 1752 1751
f 1762 1757 1758
f 1761 1753 1752
f 1762 1758 1759
f 1761 1754 1753
f 1762 1759 1760
f 1761 1749 1754
f 1762 1760 1755

o 29_lifeline_starboard_lower
usemtl metal
v -6.500000 2.070000 0.980000
v -6.499980 2.075000 0.971340
v -6.499980 2.085000 0.971340
v -6.500000 2.090000 0.980000
v -6.500020 2.085000 0.988660
v -6.500020 2.075000 0.988660
v 6.450000 2.070000 1.010000
v 6.450020 2.075000 1.001340
v 6.450020 2.085000 1.001340
v 6.450000 2.090000 1.010000
v 6.449980 2.085000 1.018660
v 6.449980 2.075000 1.018660
v -6.500000 2.080000 0.980000
v 6.450000 2.080000 1.010000
f 1763 1764 1770
f 1763 1770 1769
f 1764 1765 1771
f 1764 1771 1770
f 1765 1766 1772
f 1765 1772 1771
f 1766 1767 1773
f 1766 1773 1772
f 1767 1768 1774
f 1767 1774 1773
f 1768 1763 1769
f 1768 1769 1774
f 1775 1764 1763
f 1776 1769 1770
f 1775 1765 1764
f 1776 1770 1771
f 1775 1766 1765
f 1776 1771 1772
f 1775 1767 1766
f 1776 1772 1773
f 1775 1768 1767
f 1776 1773 1774
f 1775 1763 1768
f 1776 1774 1769
